"country","continent","year","lifeExp","pop","gdpPercap"
"Afghanistan","Asia",1952,28.801,8.42533e+06,779.445
"Afghanistan","Asia",1957,30.332,9.24093e+06,820.853
"Afghanistan","Asia",1962,31.997,1.02671e+07,853.101
"Afghanistan","Asia",1967,34.02,1.1538e+07,836.197
"Afghanistan","Asia",1972,36.088,1.30795e+07,739.981
"Afghanistan","Asia",1977,38.438,1.48804e+07,786.113
"Afghanistan","Asia",1982,39.854,1.28818e+07,978.011
"Afghanistan","Asia",1987,40.822,1.3868e+07,852.396
"Afghanistan","Asia",1992,41.674,1.63179e+07,649.341
"Afghanistan","Asia",1997,41.763,2.22274e+07,635.341
"Afghanistan","Asia",2002,42.129,2.52684e+07,726.734
"Afghanistan","Asia",2007,43.828,3.18899e+07,974.58
"Albania","Europe",1952,55.23,1.2827e+06,1601.06
"Albania","Europe",1957,59.28,1.4765e+06,1942.28
"Albania","Europe",1962,64.82,1.72814e+06,2312.89
"Albania","Europe",1967,66.22,1.98406e+06,2760.2
"Albania","Europe",1972,67.69,2.26355e+06,3313.42
"Albania","Europe",1977,68.93,2.50905e+06,3533
"Albania","Europe",1982,70.42,2.7801e+06,3630.88
"Albania","Europe",1987,72,3.07532e+06,3738.93
"Albania","Europe",1992,71.581,3.3265e+06,2497.44
"Albania","Europe",1997,72.95,3.42804e+06,3193.05
"Albania","Europe",2002,75.651,3.50851e+06,4604.21
"Albania","Europe",2007,76.423,3.60052e+06,5937.03
"Algeria","Africa",1952,43.077,9.27952e+06,2449.01
"Algeria","Africa",1957,45.685,1.02709e+07,3013.98
"Algeria","Africa",1962,48.303,1.10009e+07,2550.82
"Algeria","Africa",1967,51.407,1.27605e+07,3246.99
"Algeria","Africa",1972,54.518,1.47608e+07,4182.66
"Algeria","Africa",1977,58.014,1.71528e+07,4910.42
"Algeria","Africa",1982,61.368,2.00338e+07,5745.16
"Algeria","Africa",1987,65.799,2.3255e+07,5681.36
"Algeria","Africa",1992,67.744,2.62984e+07,5023.22
"Algeria","Africa",1997,69.152,2.9072e+07,4797.3
"Algeria","Africa",2002,70.994,3.12871e+07,5288.04
"Algeria","Africa",2007,72.301,3.33332e+07,6223.37
"Angola","Africa",1952,30.015,4.2321e+06,3520.61
"Angola","Africa",1957,31.999,4.56136e+06,3827.94
"Angola","Africa",1962,34,4.82602e+06,4269.28
"Angola","Africa",1967,35.985,5.24747e+06,5522.78
"Angola","Africa",1972,37.928,5.89486e+06,5473.29
"Angola","Africa",1977,39.483,6.16268e+06,3008.65
"Angola","Africa",1982,39.942,7.01638e+06,2756.95
"Angola","Africa",1987,39.906,7.87423e+06,2430.21
"Angola","Africa",1992,40.647,8.73599e+06,2627.85
"Angola","Africa",1997,40.963,9.87502e+06,2277.14
"Angola","Africa",2002,41.003,1.08661e+07,2773.29
"Angola","Africa",2007,42.731,1.24205e+07,4797.23
"Argentina","Americas",1952,62.485,1.7877e+07,5911.32
"Argentina","Americas",1957,64.399,1.96105e+07,6856.86
"Argentina","Americas",1962,65.142,2.12838e+07,7133.17
"Argentina","Americas",1967,65.634,2.29342e+07,8052.95
"Argentina","Americas",1972,67.065,2.47798e+07,9443.04
"Argentina","Americas",1977,68.481,2.69838e+07,10079
"Argentina","Americas",1982,69.942,2.93414e+07,8997.9
"Argentina","Americas",1987,70.774,3.16209e+07,9139.67
"Argentina","Americas",1992,71.868,3.39589e+07,9308.42
"Argentina","Americas",1997,73.275,3.62035e+07,10967.3
"Argentina","Americas",2002,74.34,3.83311e+07,8797.64
"Argentina","Americas",2007,75.32,4.03019e+07,12779.4
"Australia","Oceania",1952,69.12,8.69121e+06,10039.6
"Australia","Oceania",1957,70.33,9.71257e+06,10949.6
"Australia","Oceania",1962,70.93,1.0795e+07,12217.2
"Australia","Oceania",1967,71.1,1.18723e+07,14526.1
"Australia","Oceania",1972,71.93,1.3177e+07,16788.6
"Australia","Oceania",1977,73.49,1.40741e+07,18334.2
"Australia","Oceania",1982,74.74,1.51842e+07,19477
"Australia","Oceania",1987,76.32,1.62572e+07,21888.9
"Australia","Oceania",1992,77.56,1.7482e+07,23424.8
"Australia","Oceania",1997,78.83,1.85652e+07,26997.9
"Australia","Oceania",2002,80.37,1.95468e+07,30687.8
"Australia","Oceania",2007,81.235,2.04342e+07,34435.4
"Austria","Europe",1952,66.8,6.92777e+06,6137.08
"Austria","Europe",1957,67.48,6.96586e+06,8842.6
"Austria","Europe",1962,69.54,7.12986e+06,10750.7
"Austria","Europe",1967,70.14,7.377e+06,12834.6
"Austria","Europe",1972,70.63,7.5442e+06,16661.6
"Austria","Europe",1977,72.17,7.56843e+06,19749.4
"Austria","Europe",1982,73.18,7.57461e+06,21597.1
"Austria","Europe",1987,74.94,7.5789e+06,23687.8
"Austria","Europe",1992,76.04,7.91497e+06,27042
"Austria","Europe",1997,77.51,8.06988e+06,29095.9
"Austria","Europe",2002,78.98,8.14831e+06,32417.6
"Austria","Europe",2007,79.829,8.19978e+06,36126.5
"Bahrain","Asia",1952,50.939,120447,9867.08
"Bahrain","Asia",1957,53.832,138655,11635.8
"Bahrain","Asia",1962,56.923,171863,12753.3
"Bahrain","Asia",1967,59.923,202182,14804.7
"Bahrain","Asia",1972,63.3,230800,18268.7
"Bahrain","Asia",1977,65.593,297410,19340.1
"Bahrain","Asia",1982,69.052,377967,19211.1
"Bahrain","Asia",1987,70.75,454612,18524
"Bahrain","Asia",1992,72.601,529491,19035.6
"Bahrain","Asia",1997,73.925,598561,20292
"Bahrain","Asia",2002,74.795,656397,23403.6
"Bahrain","Asia",2007,75.635,708573,29796
"Bangladesh","Asia",1952,37.484,4.68869e+07,684.244
"Bangladesh","Asia",1957,39.348,5.13655e+07,661.637
"Bangladesh","Asia",1962,41.216,5.68393e+07,686.342
"Bangladesh","Asia",1967,43.453,6.28219e+07,721.186
"Bangladesh","Asia",1972,45.252,7.07593e+07,630.234
"Bangladesh","Asia",1977,46.923,8.04283e+07,659.877
"Bangladesh","Asia",1982,50.009,9.30744e+07,676.982
"Bangladesh","Asia",1987,52.819,1.03764e+08,751.979
"Bangladesh","Asia",1992,56.018,1.13705e+08,837.81
"Bangladesh","Asia",1997,59.412,1.23315e+08,972.77
"Bangladesh","Asia",2002,62.013,1.35657e+08,1136.39
"Bangladesh","Asia",2007,64.062,1.50448e+08,1391.25
"Belgium","Europe",1952,68,8.7304e+06,8343.11
"Belgium","Europe",1957,69.24,8.98911e+06,9714.96
"Belgium","Europe",1962,70.25,9.2184e+06,10991.2
"Belgium","Europe",1967,70.94,9.5565e+06,13149
"Belgium","Europe",1972,71.44,9.7091e+06,16672.1
"Belgium","Europe",1977,72.8,9.8218e+06,19118
"Belgium","Europe",1982,73.93,9.8563e+06,20979.8
"Belgium","Europe",1987,75.35,9.8702e+06,22525.6
"Belgium","Europe",1992,76.46,1.00456e+07,25575.6
"Belgium","Europe",1997,77.53,1.01998e+07,27561.2
"Belgium","Europe",2002,78.32,1.0312e+07,30485.9
"Belgium","Europe",2007,79.441,1.03922e+07,33692.6
"Benin","Africa",1952,38.223,1.73832e+06,1062.75
"Benin","Africa",1957,40.358,1.92517e+06,959.601
"Benin","Africa",1962,42.618,2.1519e+06,949.499
"Benin","Africa",1967,44.885,2.42733e+06,1035.83
"Benin","Africa",1972,47.014,2.76141e+06,1085.8
"Benin","Africa",1977,49.19,3.16827e+06,1029.16
"Benin","Africa",1982,50.904,3.6416e+06,1277.9
"Benin","Africa",1987,52.337,4.24379e+06,1225.86
"Benin","Africa",1992,53.919,4.98167e+06,1191.21
"Benin","Africa",1997,54.777,6.06608e+06,1232.98
"Benin","Africa",2002,54.406,7.02611e+06,1372.88
"Benin","Africa",2007,56.728,8.07831e+06,1441.28
"Bolivia","Americas",1952,40.414,2.88332e+06,2677.33
"Bolivia","Americas",1957,41.89,3.21174e+06,2127.69
"Bolivia","Americas",1962,43.428,3.59392e+06,2180.97
"Bolivia","Americas",1967,45.032,4.04066e+06,2586.89
"Bolivia","Americas",1972,46.714,4.56587e+06,2980.33
"Bolivia","Americas",1977,50.023,5.07972e+06,3548.1
"Bolivia","Americas",1982,53.859,5.64222e+06,3156.51
"Bolivia","Americas",1987,57.251,6.15637e+06,2753.69
"Bolivia","Americas",1992,59.957,6.89345e+06,2961.7
"Bolivia","Americas",1997,62.05,7.69319e+06,3326.14
"Bolivia","Americas",2002,63.883,8.44513e+06,3413.26
"Bolivia","Americas",2007,65.554,9.11915e+06,3822.14
"Bosnia and Herzegovina","Europe",1952,53.82,2.791e+06,973.533
"Bosnia and Herzegovina","Europe",1957,58.45,3.076e+06,1353.99
"Bosnia and Herzegovina","Europe",1962,61.93,3.349e+06,1709.68
"Bosnia and Herzegovina","Europe",1967,64.79,3.585e+06,2172.35
"Bosnia and Herzegovina","Europe",1972,67.45,3.819e+06,2860.17
"Bosnia and Herzegovina","Europe",1977,69.86,4.086e+06,3528.48
"Bosnia and Herzegovina","Europe",1982,70.69,4.17269e+06,4126.61
"Bosnia and Herzegovina","Europe",1987,71.14,4.33898e+06,4314.11
"Bosnia and Herzegovina","Europe",1992,72.178,4.25601e+06,2546.78
"Bosnia and Herzegovina","Europe",1997,73.244,3.607e+06,4766.36
"Bosnia and Herzegovina","Europe",2002,74.09,4.16542e+06,6018.98
"Bosnia and Herzegovina","Europe",2007,74.852,4.5522e+06,7446.3
"Botswana","Africa",1952,47.622,442308,851.241
"Botswana","Africa",1957,49.618,474639,918.233
"Botswana","Africa",1962,51.52,512764,983.654
"Botswana","Africa",1967,53.298,553541,1214.71
"Botswana","Africa",1972,56.024,619351,2263.61
"Botswana","Africa",1977,59.319,781472,3214.86
"Botswana","Africa",1982,61.484,970347,4551.14
"Botswana","Africa",1987,63.622,1.15118e+06,6205.88
"Botswana","Africa",1992,62.745,1.34261e+06,7954.11
"Botswana","Africa",1997,52.556,1.53654e+06,8647.14
"Botswana","Africa",2002,46.634,1.63035e+06,11003.6
"Botswana","Africa",2007,50.728,1.63913e+06,12569.9
"Brazil","Americas",1952,50.917,5.66026e+07,2108.94
"Brazil","Americas",1957,53.285,6.55512e+07,2487.37
"Brazil","Americas",1962,55.665,7.60394e+07,3336.59
"Brazil","Americas",1967,57.632,8.80498e+07,3429.86
"Brazil","Americas",1972,59.504,1.0084e+08,4985.71
"Brazil","Americas",1977,61.489,1.14314e+08,6660.12
"Brazil","Americas",1982,63.336,1.28963e+08,7030.84
"Brazil","Americas",1987,65.205,1.42938e+08,7807.1
"Brazil","Americas",1992,67.057,1.55976e+08,6950.28
"Brazil","Americas",1997,69.388,1.68547e+08,7957.98
"Brazil","Americas",2002,71.006,1.79914e+08,8131.21
"Brazil","Americas",2007,72.39,1.90011e+08,9065.8
"Bulgaria","Europe",1952,59.6,7.2749e+06,2444.29
"Bulgaria","Europe",1957,66.61,7.65125e+06,3008.67
"Bulgaria","Europe",1962,69.51,8.01295e+06,4254.34
"Bulgaria","Europe",1967,70.42,8.31023e+06,5577
"Bulgaria","Europe",1972,70.9,8.5762e+06,6597.49
"Bulgaria","Europe",1977,70.81,8.79702e+06,7612.24
"Bulgaria","Europe",1982,71.08,8.8921e+06,8224.19
"Bulgaria","Europe",1987,71.34,8.97196e+06,8239.85
"Bulgaria","Europe",1992,71.19,8.65851e+06,6302.62
"Bulgaria","Europe",1997,70.32,8.06606e+06,5970.39
"Bulgaria","Europe",2002,72.14,7.6618e+06,7696.78
"Bulgaria","Europe",2007,73.005,7.32286e+06,10680.8
"Burkina Faso","Africa",1952,31.975,4.46998e+06,543.255
"Burkina Faso","Africa",1957,34.906,4.71342e+06,617.183
"Burkina Faso","Africa",1962,37.814,4.91963e+06,722.512
"Burkina Faso","Africa",1967,40.697,5.12794e+06,794.827
"Burkina Faso","Africa",1972,43.591,5.43389e+06,854.736
"Burkina Faso","Africa",1977,46.137,5.88957e+06,743.387
"Burkina Faso","Africa",1982,48.122,6.6346e+06,807.199
"Burkina Faso","Africa",1987,49.557,7.58655e+06,912.063
"Burkina Faso","Africa",1992,50.26,8.8783e+06,931.753
"Burkina Faso","Africa",1997,50.324,1.03528e+07,946.295
"Burkina Faso","Africa",2002,50.65,1.22512e+07,1037.65
"Burkina Faso","Africa",2007,52.295,1.43262e+07,1217.03
"Burundi","Africa",1952,39.031,2.44562e+06,339.296
"Burundi","Africa",1957,40.533,2.66752e+06,379.565
"Burundi","Africa",1962,42.045,2.96192e+06,355.203
"Burundi","Africa",1967,43.548,3.33099e+06,412.978
"Burundi","Africa",1972,44.057,3.52998e+06,464.1
"Burundi","Africa",1977,45.91,3.83442e+06,556.103
"Burundi","Africa",1982,47.471,4.58041e+06,559.603
"Burundi","Africa",1987,48.211,5.12602e+06,621.819
"Burundi","Africa",1992,44.736,5.80924e+06,631.7
"Burundi","Africa",1997,45.326,6.12161e+06,463.115
"Burundi","Africa",2002,47.36,7.02108e+06,446.404
"Burundi","Africa",2007,49.58,8.3905e+06,430.071
"Cambodia","Asia",1952,39.417,4.69384e+06,368.469
"Cambodia","Asia",1957,41.366,5.32254e+06,434.038
"Cambodia","Asia",1962,43.415,6.08362e+06,496.914
"Cambodia","Asia",1967,45.415,6.96007e+06,523.432
"Cambodia","Asia",1972,40.317,7.45061e+06,421.624
"Cambodia","Asia",1977,31.22,6.97861e+06,524.972
"Cambodia","Asia",1982,50.957,7.27248e+06,624.475
"Cambodia","Asia",1987,53.914,8.37179e+06,683.896
"Cambodia","Asia",1992,55.803,1.01501e+07,682.303
"Cambodia","Asia",1997,56.534,1.1783e+07,734.285
"Cambodia","Asia",2002,56.752,1.29267e+07,896.226
"Cambodia","Asia",2007,59.723,1.41319e+07,1713.78
"Cameroon","Africa",1952,38.523,5.00907e+06,1172.67
"Cameroon","Africa",1957,40.428,5.35992e+06,1313.05
"Cameroon","Africa",1962,42.643,5.79363e+06,1399.61
"Cameroon","Africa",1967,44.799,6.33551e+06,1508.45
"Cameroon","Africa",1972,47.049,7.02103e+06,1684.15
"Cameroon","Africa",1977,49.355,7.95986e+06,1783.43
"Cameroon","Africa",1982,52.961,9.25083e+06,2367.98
"Cameroon","Africa",1987,54.985,1.07807e+07,2602.66
"Cameroon","Africa",1992,54.314,1.24672e+07,1793.16
"Cameroon","Africa",1997,52.199,1.41958e+07,1694.34
"Cameroon","Africa",2002,49.856,1.593e+07,1934.01
"Cameroon","Africa",2007,50.43,1.76963e+07,2042.1
"Canada","Americas",1952,68.75,1.47856e+07,11367.2
"Canada","Americas",1957,69.96,1.70102e+07,12490
"Canada","Americas",1962,71.3,1.89858e+07,13462.5
"Canada","Americas",1967,72.13,2.08198e+07,16076.6
"Canada","Americas",1972,72.88,2.22845e+07,18970.6
"Canada","Americas",1977,74.21,2.37964e+07,22090.9
"Canada","Americas",1982,75.76,2.52019e+07,22898.8
"Canada","Americas",1987,76.86,2.65497e+07,26626.5
"Canada","Americas",1992,77.95,2.85235e+07,26342.9
"Canada","Americas",1997,78.61,3.03058e+07,28954.9
"Canada","Americas",2002,79.77,3.19023e+07,33329
"Canada","Americas",2007,80.653,3.33901e+07,36319.2
"Central African Republic","Africa",1952,35.463,1.2917e+06,1071.31
"Central African Republic","Africa",1957,37.464,1.39228e+06,1190.84
"Central African Republic","Africa",1962,39.475,1.52348e+06,1193.07
"Central African Republic","Africa",1967,41.478,1.73364e+06,1136.06
"Central African Republic","Africa",1972,43.457,1.92726e+06,1070.01
"Central African Republic","Africa",1977,46.775,2.16753e+06,1109.37
"Central African Republic","Africa",1982,48.295,2.47697e+06,956.753
"Central African Republic","Africa",1987,50.485,2.84001e+06,844.876
"Central African Republic","Africa",1992,49.396,3.26512e+06,747.906
"Central African Republic","Africa",1997,46.066,3.69651e+06,740.506
"Central African Republic","Africa",2002,43.308,4.04801e+06,738.691
"Central African Republic","Africa",2007,44.741,4.36904e+06,706.017
"Chad","Africa",1952,38.092,2.68246e+06,1178.67
"Chad","Africa",1957,39.881,2.89486e+06,1308.5
"Chad","Africa",1962,41.716,3.15042e+06,1389.82
"Chad","Africa",1967,43.601,3.49597e+06,1196.81
"Chad","Africa",1972,45.569,3.89907e+06,1104.1
"Chad","Africa",1977,47.383,4.38826e+06,1133.98
"Chad","Africa",1982,49.517,4.87512e+06,797.908
"Chad","Africa",1987,51.051,5.49896e+06,952.386
"Chad","Africa",1992,51.724,6.42942e+06,1058.06
"Chad","Africa",1997,51.573,7.56201e+06,1004.96
"Chad","Africa",2002,50.525,8.83574e+06,1156.18
"Chad","Africa",2007,50.651,1.02388e+07,1704.06
"Chile","Americas",1952,54.745,6.37762e+06,3939.98
"Chile","Americas",1957,56.074,7.04843e+06,4315.62
"Chile","Americas",1962,57.924,7.96126e+06,4519.09
"Chile","Americas",1967,60.523,8.85891e+06,5106.65
"Chile","Americas",1972,63.441,9.71752e+06,5494.02
"Chile","Americas",1977,67.052,1.05998e+07,4756.76
"Chile","Americas",1982,70.565,1.14871e+07,5095.67
"Chile","Americas",1987,72.492,1.24634e+07,5547.06
"Chile","Americas",1992,74.126,1.3573e+07,7596.13
"Chile","Americas",1997,75.816,1.45999e+07,10118.1
"Chile","Americas",2002,77.86,1.5497e+07,10778.8
"Chile","Americas",2007,78.553,1.62847e+07,13171.6
"China","Asia",1952,44,5.56264e+08,400.449
"China","Asia",1957,50.549,6.37408e+08,575.987
"China","Asia",1962,44.5014,6.6577e+08,487.674
"China","Asia",1967,58.3811,7.5455e+08,612.706
"China","Asia",1972,63.1189,8.6203e+08,676.9
"China","Asia",1977,63.9674,9.43455e+08,741.237
"China","Asia",1982,65.525,1.00028e+09,962.421
"China","Asia",1987,67.274,1.08404e+09,1378.9
"China","Asia",1992,68.69,1.16497e+09,1655.78
"China","Asia",1997,70.426,1.23008e+09,2289.23
"China","Asia",2002,72.028,1.2804e+09,3119.28
"China","Asia",2007,72.961,1.31868e+09,4959.11
"Colombia","Americas",1952,50.643,1.23508e+07,2144.12
"Colombia","Americas",1957,55.118,1.4486e+07,2323.81
"Colombia","Americas",1962,57.863,1.70099e+07,2492.35
"Colombia","Americas",1967,59.963,1.9764e+07,2678.73
"Colombia","Americas",1972,61.623,2.25429e+07,3264.66
"Colombia","Americas",1977,63.837,2.50944e+07,3815.81
"Colombia","Americas",1982,66.653,2.77646e+07,4397.58
"Colombia","Americas",1987,67.768,3.09642e+07,4903.22
"Colombia","Americas",1992,68.421,3.42027e+07,5444.65
"Colombia","Americas",1997,70.313,3.76578e+07,6117.36
"Colombia","Americas",2002,71.682,4.10082e+07,5755.26
"Colombia","Americas",2007,72.889,4.42276e+07,7006.58
"Comoros","Africa",1952,40.715,153936,1102.99
"Comoros","Africa",1957,42.46,170928,1211.15
"Comoros","Africa",1962,44.467,191689,1406.65
"Comoros","Africa",1967,46.472,217378,1876.03
"Comoros","Africa",1972,48.944,250027,1937.58
"Comoros","Africa",1977,50.939,304739,1172.6
"Comoros","Africa",1982,52.933,348643,1267.1
"Comoros","Africa",1987,54.926,395114,1315.98
"Comoros","Africa",1992,57.939,454429,1246.91
"Comoros","Africa",1997,60.66,527982,1173.62
"Comoros","Africa",2002,62.974,614382,1075.81
"Comoros","Africa",2007,65.152,710960,986.148
"Congo, Dem. Rep.","Africa",1952,39.143,1.41e+07,780.542
"Congo, Dem. Rep.","Africa",1957,40.652,1.55779e+07,905.86
"Congo, Dem. Rep.","Africa",1962,42.122,1.74864e+07,896.315
"Congo, Dem. Rep.","Africa",1967,44.056,1.99411e+07,861.593
"Congo, Dem. Rep.","Africa",1972,45.989,2.30077e+07,904.896
"Congo, Dem. Rep.","Africa",1977,47.804,2.64809e+07,795.757
"Congo, Dem. Rep.","Africa",1982,47.784,3.06465e+07,673.748
"Congo, Dem. Rep.","Africa",1987,47.412,3.54816e+07,672.775
"Congo, Dem. Rep.","Africa",1992,45.548,4.16721e+07,457.719
"Congo, Dem. Rep.","Africa",1997,42.587,4.7799e+07,312.188
"Congo, Dem. Rep.","Africa",2002,44.966,5.53799e+07,241.166
"Congo, Dem. Rep.","Africa",2007,46.462,6.46068e+07,277.552
"Congo, Rep.","Africa",1952,42.111,854885,2125.62
"Congo, Rep.","Africa",1957,45.053,940458,2315.06
"Congo, Rep.","Africa",1962,48.435,1.04792e+06,2464.78
"Congo, Rep.","Africa",1967,52.04,1.17976e+06,2677.94
"Congo, Rep.","Africa",1972,54.907,1.34046e+06,3213.15
"Congo, Rep.","Africa",1977,55.625,1.53677e+06,3259.18
"Congo, Rep.","Africa",1982,56.695,1.77474e+06,4879.51
"Congo, Rep.","Africa",1987,57.47,2.0641e+06,4201.19
"Congo, Rep.","Africa",1992,56.433,2.40907e+06,4016.24
"Congo, Rep.","Africa",1997,52.962,2.80095e+06,3484.16
"Congo, Rep.","Africa",2002,52.97,3.3288e+06,3484.06
"Congo, Rep.","Africa",2007,55.322,3.80061e+06,3632.56
"Costa Rica","Americas",1952,57.206,926317,2627.01
"Costa Rica","Americas",1957,60.026,1.1123e+06,2990.01
"Costa Rica","Americas",1962,62.842,1.34519e+06,3460.94
"Costa Rica","Americas",1967,65.424,1.58872e+06,4161.73
"Costa Rica","Americas",1972,67.849,1.8348e+06,5118.15
"Costa Rica","Americas",1977,70.75,2.10846e+06,5926.88
"Costa Rica","Americas",1982,73.45,2.42437e+06,5262.73
"Costa Rica","Americas",1987,74.752,2.79981e+06,5629.92
"Costa Rica","Americas",1992,75.713,3.17322e+06,6160.42
"Costa Rica","Americas",1997,77.26,3.51811e+06,6677.05
"Costa Rica","Americas",2002,78.123,3.83493e+06,7723.45
"Costa Rica","Americas",2007,78.782,4.13388e+06,9645.06
"Cote d'Ivoire","Africa",1952,40.477,2.97702e+06,1388.59
"Cote d'Ivoire","Africa",1957,42.469,3.3e+06,1500.9
"Cote d'Ivoire","Africa",1962,44.93,3.83241e+06,1728.87
"Cote d'Ivoire","Africa",1967,47.35,4.74487e+06,2052.05
"Cote d'Ivoire","Africa",1972,49.801,6.0717e+06,2378.2
"Cote d'Ivoire","Africa",1977,52.374,7.45957e+06,2517.74
"Cote d'Ivoire","Africa",1982,53.983,9.02595e+06,2602.71
"Cote d'Ivoire","Africa",1987,54.655,1.07611e+07,2156.96
"Cote d'Ivoire","Africa",1992,52.044,1.27726e+07,1648.07
"Cote d'Ivoire","Africa",1997,47.991,1.4626e+07,1786.27
"Cote d'Ivoire","Africa",2002,46.832,1.62527e+07,1648.8
"Cote d'Ivoire","Africa",2007,48.328,1.80134e+07,1544.75
"Croatia","Europe",1952,61.21,3.88223e+06,3119.24
"Croatia","Europe",1957,64.77,3.99124e+06,4338.23
"Croatia","Europe",1962,67.13,4.07656e+06,5477.89
"Croatia","Europe",1967,68.5,4.17437e+06,6960.3
"Croatia","Europe",1972,69.61,4.22531e+06,9164.09
"Croatia","Europe",1977,70.64,4.31867e+06,11305.4
"Croatia","Europe",1982,70.46,4.41337e+06,13221.8
"Croatia","Europe",1987,71.52,4.48431e+06,13822.6
"Croatia","Europe",1992,72.527,4.49401e+06,8447.79
"Croatia","Europe",1997,73.68,4.4446e+06,9875.6
"Croatia","Europe",2002,74.876,4.48102e+06,11628.4
"Croatia","Europe",2007,75.748,4.49331e+06,14619.2
"Cuba","Americas",1952,59.421,6.0078e+06,5586.54
"Cuba","Americas",1957,62.325,6.64075e+06,6092.17
"Cuba","Americas",1962,65.246,7.25437e+06,5180.76
"Cuba","Americas",1967,68.29,8.13933e+06,5690.27
"Cuba","Americas",1972,70.723,8.83135e+06,5305.45
"Cuba","Americas",1977,72.649,9.53799e+06,6380.49
"Cuba","Americas",1982,73.717,9.78922e+06,7316.92
"Cuba","Americas",1987,74.174,1.02398e+07,7532.92
"Cuba","Americas",1992,74.414,1.07233e+07,5592.84
"Cuba","Americas",1997,76.151,1.0983e+07,5431.99
"Cuba","Americas",2002,77.158,1.1227e+07,6340.65
"Cuba","Americas",2007,78.273,1.1417e+07,8948.1
"Czech Republic","Europe",1952,66.87,9.12518e+06,6876.14
"Czech Republic","Europe",1957,69.03,9.51376e+06,8256.34
"Czech Republic","Europe",1962,69.9,9.62028e+06,10136.9
"Czech Republic","Europe",1967,70.38,9.83511e+06,11399.4
"Czech Republic","Europe",1972,70.29,9.86216e+06,13108.5
"Czech Republic","Europe",1977,70.71,1.01619e+07,14800.2
"Czech Republic","Europe",1982,70.96,1.03037e+07,15377.2
"Czech Republic","Europe",1987,71.58,1.03116e+07,16310.4
"Czech Republic","Europe",1992,72.4,1.03157e+07,14297
"Czech Republic","Europe",1997,74.01,1.03007e+07,16048.5
"Czech Republic","Europe",2002,75.51,1.02563e+07,17596.2
"Czech Republic","Europe",2007,76.486,1.02287e+07,22833.3
"Denmark","Europe",1952,70.78,4.334e+06,9692.39
"Denmark","Europe",1957,71.81,4.48783e+06,11099.7
"Denmark","Europe",1962,72.35,4.6469e+06,13583.3
"Denmark","Europe",1967,72.96,4.8388e+06,15937.2
"Denmark","Europe",1972,73.47,4.9916e+06,18866.2
"Denmark","Europe",1977,74.69,5.08842e+06,20422.9
"Denmark","Europe",1982,74.63,5.11781e+06,21688
"Denmark","Europe",1987,74.8,5.12702e+06,25116.2
"Denmark","Europe",1992,75.33,5.17139e+06,26406.7
"Denmark","Europe",1997,76.11,5.28366e+06,29804.3
"Denmark","Europe",2002,77.18,5.37469e+06,32166.5
"Denmark","Europe",2007,78.332,5.46812e+06,35278.4
"Djibouti","Africa",1952,34.812,63149,2669.53
"Djibouti","Africa",1957,37.328,71851,2864.97
"Djibouti","Africa",1962,39.693,89898,3020.99
"Djibouti","Africa",1967,42.074,127617,3020.05
"Djibouti","Africa",1972,44.366,178848,3694.21
"Djibouti","Africa",1977,46.519,228694,3081.76
"Djibouti","Africa",1982,48.812,305991,2879.47
"Djibouti","Africa",1987,50.04,311025,2880.1
"Djibouti","Africa",1992,51.604,384156,2377.16
"Djibouti","Africa",1997,53.157,417908,1895.02
"Djibouti","Africa",2002,53.373,447416,1908.26
"Djibouti","Africa",2007,54.791,496374,2082.48
"Dominican Republic","Americas",1952,45.928,2.49135e+06,1397.72
"Dominican Republic","Americas",1957,49.828,2.92319e+06,1544.4
"Dominican Republic","Americas",1962,53.459,3.45343e+06,1662.14
"Dominican Republic","Americas",1967,56.751,4.04915e+06,1653.72
"Dominican Republic","Americas",1972,59.631,4.67133e+06,2189.87
"Dominican Republic","Americas",1977,61.788,5.3028e+06,2681.99
"Dominican Republic","Americas",1982,63.727,5.96835e+06,2861.09
"Dominican Republic","Americas",1987,66.046,6.6553e+06,2899.84
"Dominican Republic","Americas",1992,68.457,7.35118e+06,3044.21
"Dominican Republic","Americas",1997,69.957,7.99236e+06,3614.1
"Dominican Republic","Americas",2002,70.847,8.65032e+06,4563.81
"Dominican Republic","Americas",2007,72.235,9.31962e+06,6025.37
"Ecuador","Americas",1952,48.357,3.54875e+06,3522.11
"Ecuador","Americas",1957,51.356,4.05838e+06,3780.55
"Ecuador","Americas",1962,54.64,4.68171e+06,4086.11
"Ecuador","Americas",1967,56.678,5.43242e+06,4579.07
"Ecuador","Americas",1972,58.796,6.29865e+06,5280.99
"Ecuador","Americas",1977,61.31,7.27887e+06,6679.62
"Ecuador","Americas",1982,64.342,8.36585e+06,7213.79
"Ecuador","Americas",1987,67.231,9.54516e+06,6481.78
"Ecuador","Americas",1992,69.613,1.07484e+07,7103.7
"Ecuador","Americas",1997,72.312,1.19118e+07,7429.46
"Ecuador","Americas",2002,74.173,1.29212e+07,5773.04
"Ecuador","Americas",2007,74.994,1.37557e+07,6873.26
"Egypt","Africa",1952,41.893,2.22233e+07,1418.82
"Egypt","Africa",1957,44.444,2.50097e+07,1458.92
"Egypt","Africa",1962,46.992,2.81733e+07,1693.34
"Egypt","Africa",1967,49.293,3.16812e+07,1814.88
"Egypt","Africa",1972,51.137,3.48074e+07,2024.01
"Egypt","Africa",1977,53.319,3.87839e+07,2785.49
"Egypt","Africa",1982,56.006,4.56818e+07,3503.73
"Egypt","Africa",1987,59.797,5.27991e+07,3885.46
"Egypt","Africa",1992,63.674,5.94022e+07,3794.76
"Egypt","Africa",1997,67.217,6.61343e+07,4173.18
"Egypt","Africa",2002,69.806,7.33126e+07,4754.6
"Egypt","Africa",2007,71.338,8.02645e+07,5581.18
"El Salvador","Americas",1952,45.262,2.04286e+06,3048.3
"El Salvador","Americas",1957,48.57,2.3558e+06,3421.52
"El Salvador","Americas",1962,52.307,2.74769e+06,3776.8
"El Salvador","Americas",1967,55.855,3.23293e+06,4358.6
"El Salvador","Americas",1972,58.207,3.7909e+06,4520.25
"El Salvador","Americas",1977,56.696,4.28259e+06,5138.92
"El Salvador","Americas",1982,56.604,4.47487e+06,4098.34
"El Salvador","Americas",1987,63.154,4.84219e+06,4140.44
"El Salvador","Americas",1992,66.798,5.27465e+06,4444.23
"El Salvador","Americas",1997,69.535,5.78344e+06,5154.83
"El Salvador","Americas",2002,70.734,6.35368e+06,5351.57
"El Salvador","Americas",2007,71.878,6.93969e+06,5728.35
"Equatorial Guinea","Africa",1952,34.482,216964,375.643
"Equatorial Guinea","Africa",1957,35.983,232922,426.096
"Equatorial Guinea","Africa",1962,37.485,249220,582.842
"Equatorial Guinea","Africa",1967,38.987,259864,915.596
"Equatorial Guinea","Africa",1972,40.516,277603,672.412
"Equatorial Guinea","Africa",1977,42.024,192675,958.567
"Equatorial Guinea","Africa",1982,43.662,285483,927.825
"Equatorial Guinea","Africa",1987,45.664,341244,966.897
"Equatorial Guinea","Africa",1992,47.545,387838,1132.06
"Equatorial Guinea","Africa",1997,48.245,439971,2814.48
"Equatorial Guinea","Africa",2002,49.348,495627,7703.5
"Equatorial Guinea","Africa",2007,51.579,551201,12154.1
"Eritrea","Africa",1952,35.928,1.43876e+06,328.941
"Eritrea","Africa",1957,38.047,1.54261e+06,344.162
"Eritrea","Africa",1962,40.158,1.66662e+06,380.996
"Eritrea","Africa",1967,42.189,1.82032e+06,468.795
"Eritrea","Africa",1972,44.142,2.26019e+06,514.324
"Eritrea","Africa",1977,44.535,2.51264e+06,505.754
"Eritrea","Africa",1982,43.89,2.6373e+06,524.876
"Eritrea","Africa",1987,46.453,2.91596e+06,521.134
"Eritrea","Africa",1992,49.991,3.66844e+06,582.859
"Eritrea","Africa",1997,53.378,4.05832e+06,913.471
"Eritrea","Africa",2002,55.24,4.41486e+06,765.35
"Eritrea","Africa",2007,58.04,4.90658e+06,641.37
"Ethiopia","Africa",1952,34.078,2.08609e+07,362.146
"Ethiopia","Africa",1957,36.667,2.28156e+07,378.904
"Ethiopia","Africa",1962,40.059,2.51454e+07,419.456
"Ethiopia","Africa",1967,42.115,2.78603e+07,516.119
"Ethiopia","Africa",1972,43.515,3.07704e+07,566.244
"Ethiopia","Africa",1977,44.51,3.46178e+07,556.808
"Ethiopia","Africa",1982,44.916,3.81118e+07,577.861
"Ethiopia","Africa",1987,46.684,4.29995e+07,573.741
"Ethiopia","Africa",1992,48.091,5.20886e+07,421.353
"Ethiopia","Africa",1997,49.402,5.98613e+07,515.889
"Ethiopia","Africa",2002,50.725,6.79468e+07,530.054
"Ethiopia","Africa",2007,52.947,7.65119e+07,690.806
"Finland","Europe",1952,66.55,4.0905e+06,6424.52
"Finland","Europe",1957,67.49,4.324e+06,7545.42
"Finland","Europe",1962,68.75,4.49144e+06,9371.84
"Finland","Europe",1967,69.83,4.60574e+06,10921.6
"Finland","Europe",1972,70.87,4.63966e+06,14358.9
"Finland","Europe",1977,72.52,4.7389e+06,15605.4
"Finland","Europe",1982,74.55,4.82693e+06,18533.2
"Finland","Europe",1987,74.83,4.93173e+06,21141
"Finland","Europe",1992,75.7,5.04104e+06,20647.2
"Finland","Europe",1997,77.13,5.13441e+06,23724
"Finland","Europe",2002,78.37,5.19304e+06,28204.6
"Finland","Europe",2007,79.313,5.23846e+06,33207.1
"France","Europe",1952,67.41,4.24597e+07,7029.81
"France","Europe",1957,68.93,4.43109e+07,8662.83
"France","Europe",1962,70.51,4.7124e+07,10560.5
"France","Europe",1967,71.55,4.9569e+07,12999.9
"France","Europe",1972,72.38,5.1732e+07,16107.2
"France","Europe",1977,73.83,5.3165e+07,18292.6
"France","Europe",1982,74.89,5.44336e+07,20293.9
"France","Europe",1987,76.34,5.56301e+07,22066.4
"France","Europe",1992,77.46,5.73742e+07,24703.8
"France","Europe",1997,78.64,5.86234e+07,25889.8
"France","Europe",2002,79.59,5.9925e+07,28926
"France","Europe",2007,80.657,6.10839e+07,30470
"Gabon","Africa",1952,37.003,420702,4293.48
"Gabon","Africa",1957,38.999,434904,4976.2
"Gabon","Africa",1962,40.489,455661,6631.46
"Gabon","Africa",1967,44.598,489004,8358.76
"Gabon","Africa",1972,48.69,537977,11401.9
"Gabon","Africa",1977,52.79,706367,21745.6
"Gabon","Africa",1982,56.564,753874,15113.4
"Gabon","Africa",1987,60.19,880397,11864.4
"Gabon","Africa",1992,61.366,985739,13522.2
"Gabon","Africa",1997,60.461,1.12619e+06,14722.8
"Gabon","Africa",2002,56.761,1.2993e+06,12521.7
"Gabon","Africa",2007,56.735,1.45487e+06,13206.5
"Gambia","Africa",1952,30,284320,485.231
"Gambia","Africa",1957,32.065,323150,520.927
"Gambia","Africa",1962,33.896,374020,599.65
"Gambia","Africa",1967,35.857,439593,734.783
"Gambia","Africa",1972,38.308,517101,756.087
"Gambia","Africa",1977,41.842,608274,884.755
"Gambia","Africa",1982,45.58,715523,835.81
"Gambia","Africa",1987,49.265,848406,611.659
"Gambia","Africa",1992,52.644,1.02538e+06,665.624
"Gambia","Africa",1997,55.861,1.23577e+06,653.73
"Gambia","Africa",2002,58.041,1.45777e+06,660.586
"Gambia","Africa",2007,59.448,1.68836e+06,752.75
"Germany","Europe",1952,67.5,6.9146e+07,7144.11
"Germany","Europe",1957,69.1,7.10191e+07,10187.8
"Germany","Europe",1962,70.3,7.37391e+07,12902.5
"Germany","Europe",1967,70.8,7.63685e+07,14745.6
"Germany","Europe",1972,71,7.87171e+07,18016.2
"Germany","Europe",1977,72.5,7.81608e+07,20512.9
"Germany","Europe",1982,73.8,7.83353e+07,22031.5
"Germany","Europe",1987,74.847,7.77183e+07,24639.2
"Germany","Europe",1992,76.07,8.05978e+07,26505.3
"Germany","Europe",1997,77.34,8.20111e+07,27788.9
"Germany","Europe",2002,78.67,8.23507e+07,30035.8
"Germany","Europe",2007,79.406,8.2401e+07,32170.4
"Ghana","Africa",1952,43.149,5.581e+06,911.299
"Ghana","Africa",1957,44.779,6.39129e+06,1043.56
"Ghana","Africa",1962,46.452,7.35525e+06,1190.04
"Ghana","Africa",1967,48.072,8.49021e+06,1125.7
"Ghana","Africa",1972,49.875,9.35412e+06,1178.22
"Ghana","Africa",1977,51.756,1.05381e+07,993.224
"Ghana","Africa",1982,53.744,1.14003e+07,876.033
"Ghana","Africa",1987,55.729,1.41681e+07,847.006
"Ghana","Africa",1992,57.501,1.62787e+07,925.06
"Ghana","Africa",1997,58.556,1.84183e+07,1005.25
"Ghana","Africa",2002,58.453,2.05508e+07,1111.98
"Ghana","Africa",2007,60.022,2.28733e+07,1327.61
"Greece","Europe",1952,65.86,7.73325e+06,3530.69
"Greece","Europe",1957,67.86,8.09622e+06,4916.3
"Greece","Europe",1962,69.51,8.44823e+06,6017.19
"Greece","Europe",1967,71,8.71644e+06,8513.1
"Greece","Europe",1972,72.34,8.88863e+06,12724.8
"Greece","Europe",1977,73.68,9.30848e+06,14195.5
"Greece","Europe",1982,75.24,9.78648e+06,15268.4
"Greece","Europe",1987,76.67,9.97449e+06,16120.5
"Greece","Europe",1992,77.03,1.03254e+07,17541.5
"Greece","Europe",1997,77.869,1.05024e+07,18747.7
"Greece","Europe",2002,78.256,1.06039e+07,22514.3
"Greece","Europe",2007,79.483,1.07063e+07,27538.4
"Guatemala","Americas",1952,42.023,3.14638e+06,2428.24
"Guatemala","Americas",1957,44.142,3.64088e+06,2617.16
"Guatemala","Americas",1962,46.954,4.20886e+06,2750.36
"Guatemala","Americas",1967,50.016,4.69077e+06,3242.53
"Guatemala","Americas",1972,53.738,5.14958e+06,4031.41
"Guatemala","Americas",1977,56.029,5.70343e+06,4879.99
"Guatemala","Americas",1982,58.137,6.39563e+06,4820.49
"Guatemala","Americas",1987,60.782,7.32641e+06,4246.49
"Guatemala","Americas",1992,63.373,8.48695e+06,4439.45
"Guatemala","Americas",1997,66.322,9.80388e+06,4684.31
"Guatemala","Americas",2002,68.978,1.11786e+07,4858.35
"Guatemala","Americas",2007,70.259,1.25729e+07,5186.05
"Guinea","Africa",1952,33.609,2.66425e+06,510.196
"Guinea","Africa",1957,34.558,2.87673e+06,576.267
"Guinea","Africa",1962,35.753,3.14e+06,686.374
"Guinea","Africa",1967,37.197,3.45142e+06,708.76
"Guinea","Africa",1972,38.842,3.81139e+06,741.666
"Guinea","Africa",1977,40.762,4.22703e+06,874.686
"Guinea","Africa",1982,42.891,4.7105e+06,857.25
"Guinea","Africa",1987,45.552,5.65026e+06,805.572
"Guinea","Africa",1992,48.576,6.99057e+06,794.348
"Guinea","Africa",1997,51.455,8.04883e+06,869.45
"Guinea","Africa",2002,53.676,8.80782e+06,945.584
"Guinea","Africa",2007,56.007,9.94781e+06,942.654
"Guinea-Bissau","Africa",1952,32.5,580653,299.85
"Guinea-Bissau","Africa",1957,33.489,601095,431.79
"Guinea-Bissau","Africa",1962,34.488,627820,522.034
"Guinea-Bissau","Africa",1967,35.492,601287,715.581
"Guinea-Bissau","Africa",1972,36.486,625361,820.225
"Guinea-Bissau","Africa",1977,37.465,745228,764.726
"Guinea-Bissau","Africa",1982,39.327,825987,838.124
"Guinea-Bissau","Africa",1987,41.245,927524,736.415
"Guinea-Bissau","Africa",1992,43.266,1.05094e+06,745.54
"Guinea-Bissau","Africa",1997,44.873,1.19371e+06,796.664
"Guinea-Bissau","Africa",2002,45.504,1.33246e+06,575.705
"Guinea-Bissau","Africa",2007,46.388,1.47204e+06,579.232
"Haiti","Americas",1952,37.579,3.20149e+06,1840.37
"Haiti","Americas",1957,40.696,3.5077e+06,1726.89
"Haiti","Americas",1962,43.59,3.88013e+06,1796.59
"Haiti","Americas",1967,46.243,4.31814e+06,1452.06
"Haiti","Americas",1972,48.042,4.6983e+06,1654.46
"Haiti","Americas",1977,49.923,4.90855e+06,1874.3
"Haiti","Americas",1982,51.461,5.1984e+06,2011.16
"Haiti","Americas",1987,53.636,5.7562e+06,1823.02
"Haiti","Americas",1992,55.089,6.32668e+06,1456.31
"Haiti","Americas",1997,56.671,6.91354e+06,1341.73
"Haiti","Americas",2002,58.137,7.60765e+06,1270.36
"Haiti","Americas",2007,60.916,8.50281e+06,1201.64
"Honduras","Americas",1952,41.912,1.51745e+06,2194.93
"Honduras","Americas",1957,44.665,1.77039e+06,2220.49
"Honduras","Americas",1962,48.041,2.09016e+06,2291.16
"Honduras","Americas",1967,50.924,2.50069e+06,2538.27
"Honduras","Americas",1972,53.884,2.96515e+06,2529.84
"Honduras","Americas",1977,57.402,3.05524e+06,3203.21
"Honduras","Americas",1982,60.909,3.66945e+06,3121.76
"Honduras","Americas",1987,64.492,4.3722e+06,3023.1
"Honduras","Americas",1992,66.399,5.07735e+06,3081.69
"Honduras","Americas",1997,67.659,5.86796e+06,3160.45
"Honduras","Americas",2002,68.565,6.67733e+06,3099.73
"Honduras","Americas",2007,70.198,7.48376e+06,3548.33
"Hong Kong, China","Asia",1952,60.96,2.1259e+06,3054.42
"Hong Kong, China","Asia",1957,64.75,2.7363e+06,3629.08
"Hong Kong, China","Asia",1962,67.65,3.3052e+06,4692.65
"Hong Kong, China","Asia",1967,70,3.7228e+06,6197.96
"Hong Kong, China","Asia",1972,72,4.1157e+06,8315.93
"Hong Kong, China","Asia",1977,73.6,4.5837e+06,11186.1
"Hong Kong, China","Asia",1982,75.45,5.2645e+06,14560.5
"Hong Kong, China","Asia",1987,76.2,5.58451e+06,20038.5
"Hong Kong, China","Asia",1992,77.601,5.8297e+06,24757.6
"Hong Kong, China","Asia",1997,80,6.49592e+06,28377.6
"Hong Kong, China","Asia",2002,81.495,6.76248e+06,30209
"Hong Kong, China","Asia",2007,82.208,6.98041e+06,39725
"Hungary","Europe",1952,64.03,9.504e+06,5263.67
"Hungary","Europe",1957,66.41,9.839e+06,6040.18
"Hungary","Europe",1962,67.96,1.0063e+07,7550.36
"Hungary","Europe",1967,69.5,1.02234e+07,9326.64
"Hungary","Europe",1972,69.76,1.03941e+07,10168.7
"Hungary","Europe",1977,69.95,1.06372e+07,11674.8
"Hungary","Europe",1982,69.39,1.07055e+07,12546
"Hungary","Europe",1987,69.58,1.06127e+07,12986.5
"Hungary","Europe",1992,69.17,1.03487e+07,10535.6
"Hungary","Europe",1997,71.04,1.02447e+07,11712.8
"Hungary","Europe",2002,72.59,1.00833e+07,14843.9
"Hungary","Europe",2007,73.338,9.95611e+06,18008.9
"Iceland","Europe",1952,72.49,147962,7267.69
"Iceland","Europe",1957,73.47,165110,9244
"Iceland","Europe",1962,73.68,182053,10350.2
"Iceland","Europe",1967,73.73,198676,13319.9
"Iceland","Europe",1972,74.46,209275,15798.1
"Iceland","Europe",1977,76.11,221823,19655
"Iceland","Europe",1982,76.99,233997,23269.6
"Iceland","Europe",1987,77.23,244676,26923.2
"Iceland","Europe",1992,78.77,259012,25144.4
"Iceland","Europe",1997,78.95,271192,28061.1
"Iceland","Europe",2002,80.5,288030,31163.2
"Iceland","Europe",2007,81.757,301931,36180.8
"India","Asia",1952,37.373,3.72e+08,546.566
"India","Asia",1957,40.249,4.09e+08,590.062
"India","Asia",1962,43.605,4.54e+08,658.347
"India","Asia",1967,47.193,5.06e+08,700.771
"India","Asia",1972,50.651,5.67e+08,724.033
"India","Asia",1977,54.208,6.34e+08,813.337
"India","Asia",1982,56.596,7.08e+08,855.724
"India","Asia",1987,58.553,7.88e+08,976.513
"India","Asia",1992,60.223,8.72e+08,1164.41
"India","Asia",1997,61.765,9.59e+08,1458.82
"India","Asia",2002,62.879,1.03417e+09,1746.77
"India","Asia",2007,64.698,1.1104e+09,2452.21
"Indonesia","Asia",1952,37.468,8.2052e+07,749.682
"Indonesia","Asia",1957,39.918,9.0124e+07,858.9
"Indonesia","Asia",1962,42.518,9.9028e+07,849.29
"Indonesia","Asia",1967,45.964,1.09343e+08,762.432
"Indonesia","Asia",1972,49.203,1.21282e+08,1111.11
"Indonesia","Asia",1977,52.702,1.36725e+08,1382.7
"Indonesia","Asia",1982,56.159,1.53343e+08,1516.87
"Indonesia","Asia",1987,60.137,1.69276e+08,1748.36
"Indonesia","Asia",1992,62.681,1.84816e+08,2383.14
"Indonesia","Asia",1997,66.041,1.99278e+08,3119.34
"Indonesia","Asia",2002,68.588,2.1106e+08,2873.91
"Indonesia","Asia",2007,70.65,2.23547e+08,3540.65
"Iran","Asia",1952,44.869,1.7272e+07,3035.33
"Iran","Asia",1957,47.181,1.9792e+07,3290.26
"Iran","Asia",1962,49.325,2.2874e+07,4187.33
"Iran","Asia",1967,52.469,2.6538e+07,5906.73
"Iran","Asia",1972,55.234,3.0614e+07,9613.82
"Iran","Asia",1977,57.702,3.54807e+07,11888.6
"Iran","Asia",1982,59.62,4.30728e+07,7608.33
"Iran","Asia",1987,63.04,5.18897e+07,6642.88
"Iran","Asia",1992,65.742,6.0398e+07,7235.65
"Iran","Asia",1997,68.042,6.3328e+07,8263.59
"Iran","Asia",2002,69.451,6.69078e+07,9240.76
"Iran","Asia",2007,70.964,6.94536e+07,11605.7
"Iraq","Asia",1952,45.32,5.44177e+06,4129.77
"Iraq","Asia",1957,48.437,6.24864e+06,6229.33
"Iraq","Asia",1962,51.457,7.24026e+06,8341.74
"Iraq","Asia",1967,54.459,8.51928e+06,8931.46
"Iraq","Asia",1972,56.95,1.00615e+07,9576.04
"Iraq","Asia",1977,60.413,1.18829e+07,14688.2
"Iraq","Asia",1982,62.038,1.41733e+07,14517.9
"Iraq","Asia",1987,65.044,1.65432e+07,11643.6
"Iraq","Asia",1992,59.461,1.78619e+07,3745.64
"Iraq","Asia",1997,58.811,2.07757e+07,3076.24
"Iraq","Asia",2002,57.046,2.40018e+07,4390.72
"Iraq","Asia",2007,59.545,2.74996e+07,4471.06
"Ireland","Europe",1952,66.91,2.95216e+06,5210.28
"Ireland","Europe",1957,68.9,2.87822e+06,5599.08
"Ireland","Europe",1962,70.29,2.83e+06,6631.6
"Ireland","Europe",1967,71.08,2.9001e+06,7655.57
"Ireland","Europe",1972,71.28,3.0244e+06,9530.77
"Ireland","Europe",1977,72.03,3.2719e+06,11151
"Ireland","Europe",1982,73.1,3.48e+06,12618.3
"Ireland","Europe",1987,74.36,3.5399e+06,13872.9
"Ireland","Europe",1992,75.467,3.55776e+06,17558.8
"Ireland","Europe",1997,76.122,3.66723e+06,24521.9
"Ireland","Europe",2002,77.783,3.87916e+06,34077
"Ireland","Europe",2007,78.885,4.10909e+06,40676
"Israel","Asia",1952,65.39,1.62091e+06,4086.52
"Israel","Asia",1957,67.84,1.9444e+06,5385.28
"Israel","Asia",1962,69.39,2.3109e+06,7105.63
"Israel","Asia",1967,70.75,2.69358e+06,8393.74
"Israel","Asia",1972,71.63,3.09589e+06,12786.9
"Israel","Asia",1977,73.06,3.49592e+06,13306.6
"Israel","Asia",1982,74.45,3.85842e+06,15367
"Israel","Asia",1987,75.6,4.20315e+06,17122.5
"Israel","Asia",1992,76.93,4.93655e+06,18051.5
"Israel","Asia",1997,78.269,5.53139e+06,20896.6
"Israel","Asia",2002,79.696,6.02953e+06,21905.6
"Israel","Asia",2007,80.745,6.42668e+06,25523.3
"Italy","Europe",1952,65.94,4.7666e+07,4931.4
"Italy","Europe",1957,67.81,4.9182e+07,6248.66
"Italy","Europe",1962,69.24,5.08432e+07,8243.58
"Italy","Europe",1967,71.06,5.26671e+07,10022.4
"Italy","Europe",1972,72.19,5.43656e+07,12269.3
"Italy","Europe",1977,73.48,5.60592e+07,14256
"Italy","Europe",1982,74.98,5.65356e+07,16537.5
"Italy","Europe",1987,76.42,5.67297e+07,19207.2
"Italy","Europe",1992,77.44,5.68408e+07,22013.6
"Italy","Europe",1997,78.82,5.74795e+07,24675
"Italy","Europe",2002,80.24,5.7927e+07,27968.1
"Italy","Europe",2007,80.546,5.81477e+07,28569.7
"Jamaica","Americas",1952,58.53,1.4261e+06,2898.53
"Jamaica","Americas",1957,62.61,1.53509e+06,4756.53
"Jamaica","Americas",1962,65.61,1.66513e+06,5246.11
"Jamaica","Americas",1967,67.51,1.8611e+06,6124.7
"Jamaica","Americas",1972,69,1.99762e+06,7433.89
"Jamaica","Americas",1977,70.11,2.15681e+06,6650.2
"Jamaica","Americas",1982,71.21,2.29831e+06,6068.05
"Jamaica","Americas",1987,71.77,2.32661e+06,6351.24
"Jamaica","Americas",1992,71.766,2.37862e+06,7404.92
"Jamaica","Americas",1997,72.262,2.53131e+06,7121.92
"Jamaica","Americas",2002,72.047,2.66466e+06,6994.77
"Jamaica","Americas",2007,72.567,2.78013e+06,7320.88
"Japan","Asia",1952,63.03,8.6459e+07,3216.96
"Japan","Asia",1957,65.5,9.1563e+07,4317.69
"Japan","Asia",1962,68.73,9.58318e+07,6576.65
"Japan","Asia",1967,71.43,1.00825e+08,9847.79
"Japan","Asia",1972,73.42,1.07188e+08,14778.8
"Japan","Asia",1977,75.38,1.13872e+08,16610.4
"Japan","Asia",1982,77.11,1.18455e+08,19384.1
"Japan","Asia",1987,78.67,1.22091e+08,22375.9
"Japan","Asia",1992,79.36,1.24329e+08,26824.9
"Japan","Asia",1997,80.69,1.25956e+08,28816.6
"Japan","Asia",2002,82,1.27066e+08,28604.6
"Japan","Asia",2007,82.603,1.27468e+08,31656.1
"Jordan","Asia",1952,43.158,607914,1546.91
"Jordan","Asia",1957,45.669,746559,1886.08
"Jordan","Asia",1962,48.126,933559,2348.01
"Jordan","Asia",1967,51.629,1.25506e+06,2741.8
"Jordan","Asia",1972,56.528,1.61355e+06,2110.86
"Jordan","Asia",1977,61.134,1.93765e+06,2852.35
"Jordan","Asia",1982,63.739,2.34703e+06,4161.42
"Jordan","Asia",1987,65.869,2.82004e+06,4448.68
"Jordan","Asia",1992,68.015,3.86741e+06,3431.59
"Jordan","Asia",1997,69.772,4.52624e+06,3645.38
"Jordan","Asia",2002,71.263,5.30747e+06,3844.92
"Jordan","Asia",2007,72.535,6.05319e+06,4519.46
"Kenya","Africa",1952,42.27,6.46405e+06,853.541
"Kenya","Africa",1957,44.686,7.45478e+06,944.438
"Kenya","Africa",1962,47.949,8.67856e+06,896.966
"Kenya","Africa",1967,50.654,1.01915e+07,1056.74
"Kenya","Africa",1972,53.559,1.20448e+07,1222.36
"Kenya","Africa",1977,56.155,1.45004e+07,1267.61
"Kenya","Africa",1982,58.766,1.76615e+07,1348.23
"Kenya","Africa",1987,59.339,2.11981e+07,1361.94
"Kenya","Africa",1992,59.285,2.50205e+07,1341.92
"Kenya","Africa",1997,54.407,2.82638e+07,1360.49
"Kenya","Africa",2002,50.992,3.13868e+07,1287.51
"Kenya","Africa",2007,54.11,3.56102e+07,1463.25
"Korea, Dem. Rep.","Asia",1952,50.056,8.86549e+06,1088.28
"Korea, Dem. Rep.","Asia",1957,54.081,9.41138e+06,1571.13
"Korea, Dem. Rep.","Asia",1962,56.656,1.09175e+07,1621.69
"Korea, Dem. Rep.","Asia",1967,59.942,1.2617e+07,2143.54
"Korea, Dem. Rep.","Asia",1972,63.983,1.47812e+07,3701.62
"Korea, Dem. Rep.","Asia",1977,67.159,1.63253e+07,4106.3
"Korea, Dem. Rep.","Asia",1982,69.1,1.76475e+07,4106.53
"Korea, Dem. Rep.","Asia",1987,70.647,1.90676e+07,4106.49
"Korea, Dem. Rep.","Asia",1992,69.978,2.07114e+07,3726.06
"Korea, Dem. Rep.","Asia",1997,67.727,2.15851e+07,1690.76
"Korea, Dem. Rep.","Asia",2002,66.662,2.22154e+07,1646.76
"Korea, Dem. Rep.","Asia",2007,67.297,2.33017e+07,1593.07
"Korea, Rep.","Asia",1952,47.453,2.09476e+07,1030.59
"Korea, Rep.","Asia",1957,52.681,2.26116e+07,1487.59
"Korea, Rep.","Asia",1962,55.292,2.64203e+07,1536.34
"Korea, Rep.","Asia",1967,57.716,3.0131e+07,2029.23
"Korea, Rep.","Asia",1972,62.612,3.3505e+07,3030.88
"Korea, Rep.","Asia",1977,64.766,3.6436e+07,4657.22
"Korea, Rep.","Asia",1982,67.123,3.9326e+07,5622.94
"Korea, Rep.","Asia",1987,69.81,4.1622e+07,8533.09
"Korea, Rep.","Asia",1992,72.244,4.38054e+07,12104.3
"Korea, Rep.","Asia",1997,74.647,4.61738e+07,15993.5
"Korea, Rep.","Asia",2002,77.045,4.79692e+07,19234
"Korea, Rep.","Asia",2007,78.623,4.90448e+07,23348.1
"Kuwait","Asia",1952,55.565,160000,108382
"Kuwait","Asia",1957,58.033,212846,113523
"Kuwait","Asia",1962,60.47,358266,95458.1
"Kuwait","Asia",1967,64.624,575003,80894.9
"Kuwait","Asia",1972,67.712,841934,109348
"Kuwait","Asia",1977,69.343,1.14036e+06,59265.5
"Kuwait","Asia",1982,71.309,1.49749e+06,31354
"Kuwait","Asia",1987,74.174,1.89149e+06,28118.4
"Kuwait","Asia",1992,75.19,1.4181e+06,34932.9
"Kuwait","Asia",1997,76.156,1.76534e+06,40300.6
"Kuwait","Asia",2002,76.904,2.11156e+06,35110.1
"Kuwait","Asia",2007,77.588,2.50556e+06,47307
"Lebanon","Asia",1952,55.928,1.43953e+06,4834.8
"Lebanon","Asia",1957,59.489,1.64741e+06,6089.79
"Lebanon","Asia",1962,62.094,1.88685e+06,5714.56
"Lebanon","Asia",1967,63.87,2.18689e+06,6006.98
"Lebanon","Asia",1972,65.421,2.68002e+06,7486.38
"Lebanon","Asia",1977,66.099,3.11579e+06,8659.7
"Lebanon","Asia",1982,66.983,3.08688e+06,7640.52
"Lebanon","Asia",1987,67.926,3.08935e+06,5377.09
"Lebanon","Asia",1992,69.292,3.21999e+06,6890.81
"Lebanon","Asia",1997,70.265,3.43039e+06,8754.96
"Lebanon","Asia",2002,71.028,3.67778e+06,9313.94
"Lebanon","Asia",2007,71.993,3.92128e+06,10461.1
"Lesotho","Africa",1952,42.138,748747,298.846
"Lesotho","Africa",1957,45.047,813338,335.997
"Lesotho","Africa",1962,47.747,893143,411.801
"Lesotho","Africa",1967,48.492,996380,498.639
"Lesotho","Africa",1972,49.767,1.11678e+06,496.582
"Lesotho","Africa",1977,52.208,1.25152e+06,745.37
"Lesotho","Africa",1982,55.078,1.41181e+06,797.263
"Lesotho","Africa",1987,57.18,1.5992e+06,773.993
"Lesotho","Africa",1992,59.685,1.8032e+06,977.486
"Lesotho","Africa",1997,55.558,1.98282e+06,1186.15
"Lesotho","Africa",2002,44.593,2.04677e+06,1275.18
"Lesotho","Africa",2007,42.592,2.01265e+06,1569.33
"Liberia","Africa",1952,38.48,863308,575.573
"Liberia","Africa",1957,39.486,975950,620.97
"Liberia","Africa",1962,40.502,1.1128e+06,634.195
"Liberia","Africa",1967,41.536,1.27941e+06,713.604
"Liberia","Africa",1972,42.614,1.48263e+06,803.005
"Liberia","Africa",1977,43.764,1.70362e+06,640.322
"Liberia","Africa",1982,44.852,1.95688e+06,572.2
"Liberia","Africa",1987,46.027,2.26941e+06,506.114
"Liberia","Africa",1992,40.802,1.91297e+06,636.623
"Liberia","Africa",1997,42.221,2.20072e+06,609.174
"Liberia","Africa",2002,43.753,2.81465e+06,531.482
"Liberia","Africa",2007,45.678,3.19394e+06,414.507
"Libya","Africa",1952,42.723,1.01973e+06,2387.55
"Libya","Africa",1957,45.289,1.20158e+06,3448.28
"Libya","Africa",1962,47.808,1.44186e+06,6757.03
"Libya","Africa",1967,50.227,1.75922e+06,18772.8
"Libya","Africa",1972,52.773,2.18388e+06,21011.5
"Libya","Africa",1977,57.442,2.72178e+06,21951.2
"Libya","Africa",1982,62.155,3.34407e+06,17364.3
"Libya","Africa",1987,66.234,3.79984e+06,11770.6
"Libya","Africa",1992,68.755,4.3645e+06,9640.14
"Libya","Africa",1997,71.555,4.75967e+06,9467.45
"Libya","Africa",2002,72.737,5.36858e+06,9534.68
"Libya","Africa",2007,73.952,6.03691e+06,12057.5
"Madagascar","Africa",1952,36.681,4.76291e+06,1443.01
"Madagascar","Africa",1957,38.865,5.18168e+06,1589.2
"Madagascar","Africa",1962,40.848,5.70332e+06,1643.39
"Madagascar","Africa",1967,42.881,6.33456e+06,1634.05
"Madagascar","Africa",1972,44.851,7.08243e+06,1748.56
"Madagascar","Africa",1977,46.881,8.00717e+06,1544.23
"Madagascar","Africa",1982,48.969,9.17148e+06,1302.88
"Madagascar","Africa",1987,49.35,1.05686e+07,1155.44
"Madagascar","Africa",1992,52.214,1.22104e+07,1040.68
"Madagascar","Africa",1997,54.978,1.41651e+07,986.296
"Madagascar","Africa",2002,57.286,1.64735e+07,894.637
"Madagascar","Africa",2007,59.443,1.91677e+07,1044.77
"Malawi","Africa",1952,36.256,2.9178e+06,369.165
"Malawi","Africa",1957,37.207,3.22124e+06,416.37
"Malawi","Africa",1962,38.41,3.62861e+06,427.901
"Malawi","Africa",1967,39.487,4.14725e+06,495.515
"Malawi","Africa",1972,41.766,4.731e+06,584.622
"Malawi","Africa",1977,43.767,5.63725e+06,663.224
"Malawi","Africa",1982,45.642,6.50282e+06,632.804
"Malawi","Africa",1987,47.457,7.82475e+06,635.517
"Malawi","Africa",1992,49.42,1.00142e+07,563.2
"Malawi","Africa",1997,47.495,1.042e+07,692.276
"Malawi","Africa",2002,45.009,1.18245e+07,665.423
"Malawi","Africa",2007,48.303,1.33271e+07,759.35
"Malaysia","Asia",1952,48.463,6.74838e+06,1831.13
"Malaysia","Asia",1957,52.102,7.73924e+06,1810.07
"Malaysia","Asia",1962,55.737,8.90638e+06,2036.88
"Malaysia","Asia",1967,59.371,1.01549e+07,2277.74
"Malaysia","Asia",1972,63.01,1.14415e+07,2849.09
"Malaysia","Asia",1977,65.256,1.28454e+07,3827.92
"Malaysia","Asia",1982,68,1.44419e+07,4920.36
"Malaysia","Asia",1987,69.5,1.63318e+07,5249.8
"Malaysia","Asia",1992,70.693,1.83195e+07,7277.91
"Malaysia","Asia",1997,71.938,2.04761e+07,10132.9
"Malaysia","Asia",2002,73.044,2.26624e+07,10207
"Malaysia","Asia",2007,74.241,2.48213e+07,12451.7
"Mali","Africa",1952,33.685,3.83817e+06,452.337
"Mali","Africa",1957,35.307,4.24188e+06,490.382
"Mali","Africa",1962,36.936,4.69037e+06,496.174
"Mali","Africa",1967,38.487,5.21242e+06,545.01
"Mali","Africa",1972,39.977,5.82816e+06,581.369
"Mali","Africa",1977,41.714,6.49165e+06,686.395
"Mali","Africa",1982,43.916,6.99826e+06,618.014
"Mali","Africa",1987,46.364,7.63401e+06,684.172
"Mali","Africa",1992,48.388,8.41622e+06,739.014
"Mali","Africa",1997,49.903,9.38498e+06,790.258
"Mali","Africa",2002,51.818,1.05802e+07,951.41
"Mali","Africa",2007,54.467,1.20318e+07,1042.58
"Mauritania","Africa",1952,40.543,1.02256e+06,743.116
"Mauritania","Africa",1957,42.338,1.07685e+06,846.12
"Mauritania","Africa",1962,44.248,1.14676e+06,1055.9
"Mauritania","Africa",1967,46.289,1.23054e+06,1421.15
"Mauritania","Africa",1972,48.437,1.33279e+06,1586.85
"Mauritania","Africa",1977,50.852,1.45669e+06,1497.49
"Mauritania","Africa",1982,53.599,1.62214e+06,1481.15
"Mauritania","Africa",1987,56.145,1.84124e+06,1421.6
"Mauritania","Africa",1992,58.333,2.11946e+06,1361.37
"Mauritania","Africa",1997,60.43,2.44474e+06,1483.14
"Mauritania","Africa",2002,62.247,2.82886e+06,1579.02
"Mauritania","Africa",2007,64.164,3.27006e+06,1803.15
"Mauritius","Africa",1952,50.986,516556,1967.96
"Mauritius","Africa",1957,58.089,609816,2034.04
"Mauritius","Africa",1962,60.246,701016,2529.07
"Mauritius","Africa",1967,61.557,789309,2475.39
"Mauritius","Africa",1972,62.944,851334,2575.48
"Mauritius","Africa",1977,64.93,913025,3710.98
"Mauritius","Africa",1982,66.711,992040,3688.04
"Mauritius","Africa",1987,68.74,1.04266e+06,4783.59
"Mauritius","Africa",1992,69.745,1.0962e+06,6058.25
"Mauritius","Africa",1997,70.736,1.14982e+06,7425.71
"Mauritius","Africa",2002,71.954,1.20021e+06,9021.82
"Mauritius","Africa",2007,72.801,1.25088e+06,10957
"Mexico","Americas",1952,50.789,3.01443e+07,3478.13
"Mexico","Americas",1957,55.19,3.50155e+07,4131.55
"Mexico","Americas",1962,58.299,4.11215e+07,4581.61
"Mexico","Americas",1967,60.11,4.79956e+07,5754.73
"Mexico","Americas",1972,62.361,5.59843e+07,6809.41
"Mexico","Americas",1977,65.032,6.376e+07,7674.93
"Mexico","Americas",1982,67.405,7.16409e+07,9611.15
"Mexico","Americas",1987,69.498,8.01225e+07,8688.16
"Mexico","Americas",1992,71.455,8.8111e+07,9472.38
"Mexico","Americas",1997,73.67,9.58951e+07,9767.3
"Mexico","Americas",2002,74.902,1.0248e+08,10742.4
"Mexico","Americas",2007,76.195,1.08701e+08,11977.6
"Mongolia","Asia",1952,42.244,800663,786.567
"Mongolia","Asia",1957,45.248,882134,912.663
"Mongolia","Asia",1962,48.251,1.01028e+06,1056.35
"Mongolia","Asia",1967,51.253,1.1495e+06,1226.04
"Mongolia","Asia",1972,53.754,1.3205e+06,1421.74
"Mongolia","Asia",1977,55.491,1.528e+06,1647.51
"Mongolia","Asia",1982,57.489,1.75603e+06,2000.6
"Mongolia","Asia",1987,60.222,2.01513e+06,2338.01
"Mongolia","Asia",1992,61.271,2.3128e+06,1785.4
"Mongolia","Asia",1997,63.625,2.4948e+06,1902.25
"Mongolia","Asia",2002,65.033,2.67423e+06,2140.74
"Mongolia","Asia",2007,66.803,2.87413e+06,3095.77
"Montenegro","Europe",1952,59.164,413834,2647.59
"Montenegro","Europe",1957,61.448,442829,3682.26
"Montenegro","Europe",1962,63.728,474528,4649.59
"Montenegro","Europe",1967,67.178,501035,5907.85
"Montenegro","Europe",1972,70.636,527678,7778.41
"Montenegro","Europe",1977,73.066,560073,9595.93
"Montenegro","Europe",1982,74.101,562548,11222.6
"Montenegro","Europe",1987,74.865,569473,11732.5
"Montenegro","Europe",1992,75.435,621621,7003.34
"Montenegro","Europe",1997,75.445,692651,6465.61
"Montenegro","Europe",2002,73.981,720230,6557.19
"Montenegro","Europe",2007,74.543,684736,9253.9
"Morocco","Africa",1952,42.873,9.93922e+06,1688.2
"Morocco","Africa",1957,45.423,1.14064e+07,1642
"Morocco","Africa",1962,47.924,1.30566e+07,1566.35
"Morocco","Africa",1967,50.335,1.47703e+07,1711.04
"Morocco","Africa",1972,52.862,1.66607e+07,1930.19
"Morocco","Africa",1977,55.73,1.83969e+07,2370.62
"Morocco","Africa",1982,59.65,2.01987e+07,2702.62
"Morocco","Africa",1987,62.677,2.29874e+07,2755.05
"Morocco","Africa",1992,65.393,2.57982e+07,2948.05
"Morocco","Africa",1997,67.66,2.85295e+07,2982.1
"Morocco","Africa",2002,69.615,3.11678e+07,3258.5
"Morocco","Africa",2007,71.164,3.37572e+07,3820.18
"Mozambique","Africa",1952,31.286,6.44632e+06,468.526
"Mozambique","Africa",1957,33.779,7.03804e+06,495.587
"Mozambique","Africa",1962,36.161,7.78894e+06,556.686
"Mozambique","Africa",1967,38.113,8.68091e+06,566.669
"Mozambique","Africa",1972,40.328,9.8096e+06,724.918
"Mozambique","Africa",1977,42.495,1.11279e+07,502.32
"Mozambique","Africa",1982,42.795,1.25872e+07,462.211
"Mozambique","Africa",1987,42.861,1.2892e+07,389.876
"Mozambique","Africa",1992,44.284,1.31607e+07,410.897
"Mozambique","Africa",1997,46.344,1.66033e+07,472.346
"Mozambique","Africa",2002,44.026,1.84738e+07,633.618
"Mozambique","Africa",2007,42.082,1.99517e+07,823.686
"Myanmar","Asia",1952,36.319,2.0093e+07,331
"Myanmar","Asia",1957,41.905,2.17318e+07,350
"Myanmar","Asia",1962,45.108,2.36344e+07,388
"Myanmar","Asia",1967,49.379,2.58703e+07,349
"Myanmar","Asia",1972,53.07,2.84664e+07,357
"Myanmar","Asia",1977,56.059,3.15281e+07,371
"Myanmar","Asia",1982,58.056,3.46804e+07,424
"Myanmar","Asia",1987,58.339,3.80286e+07,385
"Myanmar","Asia",1992,59.32,4.05465e+07,347
"Myanmar","Asia",1997,60.328,4.32479e+07,415
"Myanmar","Asia",2002,59.908,4.55981e+07,611
"Myanmar","Asia",2007,62.069,4.7762e+07,944
"Namibia","Africa",1952,41.725,485831,2423.78
"Namibia","Africa",1957,45.226,548080,2621.45
"Namibia","Africa",1962,48.386,621392,3173.22
"Namibia","Africa",1967,51.159,706640,3793.69
"Namibia","Africa",1972,53.867,821782,3746.08
"Namibia","Africa",1977,56.437,977026,3876.49
"Namibia","Africa",1982,58.968,1.09901e+06,4191.1
"Namibia","Africa",1987,60.835,1.27818e+06,3693.73
"Namibia","Africa",1992,61.999,1.55425e+06,3804.54
"Namibia","Africa",1997,58.909,1.77477e+06,3899.52
"Namibia","Africa",2002,51.479,1.97215e+06,4072.32
"Namibia","Africa",2007,52.906,2.05508e+06,4811.06
"Nepal","Asia",1952,36.157,9.18254e+06,545.866
"Nepal","Asia",1957,37.686,9.68234e+06,597.936
"Nepal","Asia",1962,39.393,1.03321e+07,652.397
"Nepal","Asia",1967,41.472,1.12617e+07,676.442
"Nepal","Asia",1972,43.971,1.24126e+07,674.788
"Nepal","Asia",1977,46.748,1.39332e+07,694.112
"Nepal","Asia",1982,49.594,1.57963e+07,718.373
"Nepal","Asia",1987,52.537,1.79172e+07,775.632
"Nepal","Asia",1992,55.727,2.03262e+07,897.74
"Nepal","Asia",1997,59.426,2.30011e+07,1010.89
"Nepal","Asia",2002,61.34,2.58739e+07,1057.21
"Nepal","Asia",2007,63.785,2.89018e+07,1091.36
"Netherlands","Europe",1952,72.13,1.0382e+07,8941.57
"Netherlands","Europe",1957,72.99,1.10264e+07,11276.2
"Netherlands","Europe",1962,73.23,1.18057e+07,12790.8
"Netherlands","Europe",1967,73.82,1.25968e+07,15363.3
"Netherlands","Europe",1972,73.75,1.33299e+07,18794.7
"Netherlands","Europe",1977,75.24,1.3853e+07,21209.1
"Netherlands","Europe",1982,76.05,1.43104e+07,21399.5
"Netherlands","Europe",1987,76.83,1.46653e+07,23651.3
"Netherlands","Europe",1992,77.42,1.51742e+07,26790.9
"Netherlands","Europe",1997,78.03,1.56045e+07,30246.1
"Netherlands","Europe",2002,78.53,1.61228e+07,33724.8
"Netherlands","Europe",2007,79.762,1.65706e+07,36797.9
"New Zealand","Oceania",1952,69.39,1.99479e+06,10556.6
"New Zealand","Oceania",1957,70.26,2.22941e+06,12247.4
"New Zealand","Oceania",1962,71.24,2.48855e+06,13175.7
"New Zealand","Oceania",1967,71.52,2.72815e+06,14463.9
"New Zealand","Oceania",1972,71.89,2.9291e+06,16046
"New Zealand","Oceania",1977,72.22,3.1649e+06,16233.7
"New Zealand","Oceania",1982,73.84,3.21065e+06,17632.4
"New Zealand","Oceania",1987,74.32,3.31717e+06,19007.2
"New Zealand","Oceania",1992,76.33,3.43767e+06,18363.3
"New Zealand","Oceania",1997,77.55,3.67619e+06,21050.4
"New Zealand","Oceania",2002,79.11,3.90804e+06,23189.8
"New Zealand","Oceania",2007,80.204,4.11577e+06,25185
"Nicaragua","Americas",1952,42.314,1.16579e+06,3112.36
"Nicaragua","Americas",1957,45.432,1.35883e+06,3457.42
"Nicaragua","Americas",1962,48.632,1.5906e+06,3634.36
"Nicaragua","Americas",1967,51.884,1.86549e+06,4643.39
"Nicaragua","Americas",1972,55.151,2.18291e+06,4688.59
"Nicaragua","Americas",1977,57.47,2.5546e+06,5486.37
"Nicaragua","Americas",1982,59.298,2.97942e+06,3470.34
"Nicaragua","Americas",1987,62.008,3.34435e+06,2955.98
"Nicaragua","Americas",1992,65.843,4.01794e+06,2170.15
"Nicaragua","Americas",1997,68.426,4.60957e+06,2253.02
"Nicaragua","Americas",2002,70.836,5.14685e+06,2474.55
"Nicaragua","Americas",2007,72.899,5.67536e+06,2749.32
"Niger","Africa",1952,37.444,3.37947e+06,761.879
"Niger","Africa",1957,38.598,3.69218e+06,835.523
"Niger","Africa",1962,39.487,4.07601e+06,997.766
"Niger","Africa",1967,40.118,4.53406e+06,1054.38
"Niger","Africa",1972,40.546,5.06026e+06,954.209
"Niger","Africa",1977,41.291,5.68209e+06,808.897
"Niger","Africa",1982,42.598,6.43719e+06,909.722
"Niger","Africa",1987,44.555,7.33264e+06,668.3
"Niger","Africa",1992,47.391,8.39282e+06,581.183
"Niger","Africa",1997,51.313,9.66625e+06,580.305
"Niger","Africa",2002,54.496,1.11407e+07,601.075
"Niger","Africa",2007,56.867,1.28949e+07,619.677
"Nigeria","Africa",1952,36.324,3.31191e+07,1077.28
"Nigeria","Africa",1957,37.802,3.71733e+07,1100.59
"Nigeria","Africa",1962,39.36,4.18714e+07,1150.93
"Nigeria","Africa",1967,41.04,4.72878e+07,1014.51
"Nigeria","Africa",1972,42.821,5.37401e+07,1698.39
"Nigeria","Africa",1977,44.514,6.22092e+07,1981.95
"Nigeria","Africa",1982,45.826,7.30394e+07,1576.97
"Nigeria","Africa",1987,46.886,8.15515e+07,1385.03
"Nigeria","Africa",1992,47.472,9.33642e+07,1619.85
"Nigeria","Africa",1997,47.464,1.06208e+08,1624.94
"Nigeria","Africa",2002,46.608,1.19901e+08,1615.29
"Nigeria","Africa",2007,46.859,1.35031e+08,2013.98
"Norway","Europe",1952,72.67,3.32773e+06,10095.4
"Norway","Europe",1957,73.44,3.49194e+06,11654
"Norway","Europe",1962,73.47,3.63892e+06,13450.4
"Norway","Europe",1967,74.08,3.78602e+06,16361.9
"Norway","Europe",1972,74.34,3.933e+06,18965.1
"Norway","Europe",1977,75.37,4.0432e+06,23311.3
"Norway","Europe",1982,75.97,4.11479e+06,26298.6
"Norway","Europe",1987,75.89,4.18615e+06,31541
"Norway","Europe",1992,77.32,4.28636e+06,33965.7
"Norway","Europe",1997,78.32,4.40567e+06,41283.2
"Norway","Europe",2002,79.05,4.53559e+06,44684
"Norway","Europe",2007,80.196,4.62793e+06,49357.2
"Oman","Asia",1952,37.578,507833,1828.23
"Oman","Asia",1957,40.08,561977,2242.75
"Oman","Asia",1962,43.165,628164,2924.64
"Oman","Asia",1967,46.988,714775,4720.94
"Oman","Asia",1972,52.143,829050,10618
"Oman","Asia",1977,57.367,1.00453e+06,11848.3
"Oman","Asia",1982,62.728,1.30105e+06,12954.8
"Oman","Asia",1987,67.734,1.59388e+06,18115.2
"Oman","Asia",1992,71.197,1.91521e+06,18616.7
"Oman","Asia",1997,72.499,2.28364e+06,19702.1
"Oman","Asia",2002,74.193,2.71346e+06,19774.8
"Oman","Asia",2007,75.64,3.2049e+06,22316.2
"Pakistan","Asia",1952,43.436,4.13466e+07,684.597
"Pakistan","Asia",1957,45.557,4.66799e+07,747.084
"Pakistan","Asia",1962,47.67,5.31007e+07,803.343
"Pakistan","Asia",1967,49.8,6.06419e+07,942.408
"Pakistan","Asia",1972,51.929,6.93259e+07,1049.94
"Pakistan","Asia",1977,54.043,7.81527e+07,1175.92
"Pakistan","Asia",1982,56.158,9.14621e+07,1443.43
"Pakistan","Asia",1987,58.245,1.05187e+08,1704.69
"Pakistan","Asia",1992,60.838,1.20065e+08,1971.83
"Pakistan","Asia",1997,61.818,1.35565e+08,2049.35
"Pakistan","Asia",2002,63.61,1.53404e+08,2092.71
"Pakistan","Asia",2007,65.483,1.69271e+08,2605.95
"Panama","Americas",1952,55.191,940080,2480.38
"Panama","Americas",1957,59.201,1.06351e+06,2961.8
"Panama","Americas",1962,61.817,1.21572e+06,3536.54
"Panama","Americas",1967,64.071,1.40549e+06,4421.01
"Panama","Americas",1972,66.216,1.61638e+06,5364.25
"Panama","Americas",1977,68.681,1.83978e+06,5351.91
"Panama","Americas",1982,70.472,2.0363e+06,7009.6
"Panama","Americas",1987,71.523,2.25364e+06,7034.78
"Panama","Americas",1992,72.462,2.485e+06,6618.74
"Panama","Americas",1997,73.738,2.73453e+06,7113.69
"Panama","Americas",2002,74.712,2.99088e+06,7356.03
"Panama","Americas",2007,75.537,3.24217e+06,9809.19
"Paraguay","Americas",1952,62.649,1.55588e+06,1952.31
"Paraguay","Americas",1957,63.196,1.7709e+06,2046.15
"Paraguay","Americas",1962,64.361,2.00981e+06,2148.03
"Paraguay","Americas",1967,64.951,2.28798e+06,2299.38
"Paraguay","Americas",1972,65.815,2.6141e+06,2523.34
"Paraguay","Americas",1977,66.353,2.98449e+06,3248.37
"Paraguay","Americas",1982,66.874,3.36644e+06,4258.5
"Paraguay","Americas",1987,67.378,3.88651e+06,3998.88
"Paraguay","Americas",1992,68.225,4.48394e+06,4196.41
"Paraguay","Americas",1997,69.4,5.15412e+06,4247.4
"Paraguay","Americas",2002,70.755,5.88449e+06,3783.67
"Paraguay","Americas",2007,71.752,6.66715e+06,4172.84
"Peru","Americas",1952,43.902,8.0257e+06,3758.52
"Peru","Americas",1957,46.263,9.1461e+06,4245.26
"Peru","Americas",1962,49.096,1.05165e+07,4957.04
"Peru","Americas",1967,51.445,1.21322e+07,5788.09
"Peru","Americas",1972,55.448,1.39547e+07,5937.83
"Peru","Americas",1977,58.447,1.59901e+07,6281.29
"Peru","Americas",1982,61.406,1.81251e+07,6434.5
"Peru","Americas",1987,64.134,2.01959e+07,6360.94
"Peru","Americas",1992,66.458,2.24304e+07,4446.38
"Peru","Americas",1997,68.386,2.47481e+07,5838.35
"Peru","Americas",2002,69.906,2.67694e+07,5909.02
"Peru","Americas",2007,71.421,2.86748e+07,7408.91
"Philippines","Asia",1952,47.752,2.24387e+07,1272.88
"Philippines","Asia",1957,51.334,2.60722e+07,1547.94
"Philippines","Asia",1962,54.757,3.03253e+07,1649.55
"Philippines","Asia",1967,56.393,3.53566e+07,1814.13
"Philippines","Asia",1972,58.065,4.08501e+07,1989.37
"Philippines","Asia",1977,60.06,4.6851e+07,2373.2
"Philippines","Asia",1982,62.082,5.34568e+07,2603.27
"Philippines","Asia",1987,64.151,6.00178e+07,2189.63
"Philippines","Asia",1992,66.458,6.71858e+07,2279.32
"Philippines","Asia",1997,68.564,7.5013e+07,2536.53
"Philippines","Asia",2002,70.303,8.29951e+07,2650.92
"Philippines","Asia",2007,71.688,9.10773e+07,3190.48
"Poland","Europe",1952,61.31,2.57306e+07,4029.33
"Poland","Europe",1957,65.77,2.82353e+07,4734.25
"Poland","Europe",1962,67.64,3.03296e+07,5338.75
"Poland","Europe",1967,69.61,3.17854e+07,6557.15
"Poland","Europe",1972,70.85,3.30395e+07,8006.51
"Poland","Europe",1977,70.67,3.46213e+07,9508.14
"Poland","Europe",1982,71.32,3.62274e+07,8451.53
"Poland","Europe",1987,70.98,3.77407e+07,9082.35
"Poland","Europe",1992,70.99,3.83707e+07,7738.88
"Poland","Europe",1997,72.75,3.8655e+07,10159.6
"Poland","Europe",2002,74.67,3.8626e+07,12002.2
"Poland","Europe",2007,75.563,3.85182e+07,15389.9
"Portugal","Europe",1952,59.82,8.52605e+06,3068.32
"Portugal","Europe",1957,61.51,8.81765e+06,3774.57
"Portugal","Europe",1962,64.39,9.0198e+06,4727.95
"Portugal","Europe",1967,66.6,9.103e+06,6361.52
"Portugal","Europe",1972,69.26,8.97045e+06,9022.25
"Portugal","Europe",1977,70.41,9.6626e+06,10172.5
"Portugal","Europe",1982,72.77,9.85965e+06,11753.8
"Portugal","Europe",1987,74.06,9.91529e+06,13039.3
"Portugal","Europe",1992,74.86,9.92768e+06,16207.3
"Portugal","Europe",1997,75.97,1.01564e+07,17641
"Portugal","Europe",2002,77.29,1.04339e+07,19970.9
"Portugal","Europe",2007,78.098,1.06428e+07,20509.6
"Puerto Rico","Americas",1952,64.28,2.227e+06,3081.96
"Puerto Rico","Americas",1957,68.54,2.26e+06,3907.16
"Puerto Rico","Americas",1962,69.62,2.44805e+06,5108.34
"Puerto Rico","Americas",1967,71.1,2.64896e+06,6929.28
"Puerto Rico","Americas",1972,72.16,2.84713e+06,9123.04
"Puerto Rico","Americas",1977,73.44,3.08083e+06,9770.52
"Puerto Rico","Americas",1982,73.75,3.279e+06,10331
"Puerto Rico","Americas",1987,74.63,3.44447e+06,12281.3
"Puerto Rico","Americas",1992,73.911,3.58518e+06,14641.6
"Puerto Rico","Americas",1997,74.917,3.75943e+06,16999.4
"Puerto Rico","Americas",2002,77.778,3.85961e+06,18855.6
"Puerto Rico","Americas",2007,78.746,3.94249e+06,19328.7
"Reunion","Africa",1952,52.724,257700,2718.89
"Reunion","Africa",1957,55.09,308700,2769.45
"Reunion","Africa",1962,57.666,358900,3173.72
"Reunion","Africa",1967,60.542,414024,4021.18
"Reunion","Africa",1972,64.274,461633,5047.66
"Reunion","Africa",1977,67.064,492095,4319.8
"Reunion","Africa",1982,69.885,517810,5267.22
"Reunion","Africa",1987,71.913,562035,5303.38
"Reunion","Africa",1992,73.615,622191,6101.26
"Reunion","Africa",1997,74.772,684810,6071.94
"Reunion","Africa",2002,75.744,743981,6316.17
"Reunion","Africa",2007,76.442,798094,7670.12
"Romania","Europe",1952,61.05,1.663e+07,3144.61
"Romania","Europe",1957,64.1,1.78293e+07,3943.37
"Romania","Europe",1962,66.8,1.86807e+07,4735
"Romania","Europe",1967,66.8,1.92848e+07,6470.87
"Romania","Europe",1972,69.21,2.06626e+07,8011.41
"Romania","Europe",1977,69.46,2.16586e+07,9356.4
"Romania","Europe",1982,69.66,2.23567e+07,9605.31
"Romania","Europe",1987,69.53,2.26864e+07,9696.27
"Romania","Europe",1992,69.36,2.2797e+07,6598.41
"Romania","Europe",1997,69.72,2.25625e+07,7346.55
"Romania","Europe",2002,71.322,2.24043e+07,7885.36
"Romania","Europe",2007,72.476,2.22761e+07,10808.5
"Rwanda","Africa",1952,40,2.53493e+06,493.324
"Rwanda","Africa",1957,41.5,2.82208e+06,540.289
"Rwanda","Africa",1962,43,3.05124e+06,597.473
"Rwanda","Africa",1967,44.1,3.45108e+06,510.964
"Rwanda","Africa",1972,44.6,3.99212e+06,590.581
"Rwanda","Africa",1977,45,4.65707e+06,670.081
"Rwanda","Africa",1982,46.218,5.50756e+06,881.571
"Rwanda","Africa",1987,44.02,6.34936e+06,847.991
"Rwanda","Africa",1992,23.599,7.2902e+06,737.069
"Rwanda","Africa",1997,36.087,7.21258e+06,589.945
"Rwanda","Africa",2002,43.413,7.8524e+06,785.654
"Rwanda","Africa",2007,46.242,8.86059e+06,863.088
"Sao Tome and Principe","Africa",1952,46.471,60011,879.584
"Sao Tome and Principe","Africa",1957,48.945,61325,860.737
"Sao Tome and Principe","Africa",1962,51.893,65345,1071.55
"Sao Tome and Principe","Africa",1967,54.425,70787,1384.84
"Sao Tome and Principe","Africa",1972,56.48,76595,1532.99
"Sao Tome and Principe","Africa",1977,58.55,86796,1737.56
"Sao Tome and Principe","Africa",1982,60.351,98593,1890.22
"Sao Tome and Principe","Africa",1987,61.728,110812,1516.53
"Sao Tome and Principe","Africa",1992,62.742,125911,1428.78
"Sao Tome and Principe","Africa",1997,63.306,145608,1339.08
"Sao Tome and Principe","Africa",2002,64.337,170372,1353.09
"Sao Tome and Principe","Africa",2007,65.528,199579,1598.44
"Saudi Arabia","Asia",1952,39.875,4.00568e+06,6459.55
"Saudi Arabia","Asia",1957,42.868,4.41965e+06,8157.59
"Saudi Arabia","Asia",1962,45.914,4.94303e+06,11626.4
"Saudi Arabia","Asia",1967,49.901,5.6182e+06,16903
"Saudi Arabia","Asia",1972,53.886,6.47276e+06,24837.4
"Saudi Arabia","Asia",1977,58.69,8.1285e+06,34167.8
"Saudi Arabia","Asia",1982,63.012,1.12547e+07,33693.2
"Saudi Arabia","Asia",1987,66.295,1.46197e+07,21198.3
"Saudi Arabia","Asia",1992,68.768,1.69459e+07,24841.6
"Saudi Arabia","Asia",1997,70.533,2.12298e+07,20586.7
"Saudi Arabia","Asia",2002,71.626,2.45015e+07,19014.5
"Saudi Arabia","Asia",2007,72.777,2.7601e+07,21654.8
"Senegal","Africa",1952,37.278,2.75559e+06,1450.36
"Senegal","Africa",1957,39.329,3.05455e+06,1567.65
"Senegal","Africa",1962,41.454,3.43024e+06,1654.99
"Senegal","Africa",1967,43.563,3.96584e+06,1612.4
"Senegal","Africa",1972,45.815,4.5887e+06,1597.71
"Senegal","Africa",1977,48.879,5.26086e+06,1561.77
"Senegal","Africa",1982,52.379,6.14778e+06,1518.48
"Senegal","Africa",1987,55.769,7.17135e+06,1441.72
"Senegal","Africa",1992,58.196,8.30792e+06,1367.9
"Senegal","Africa",1997,60.187,9.53531e+06,1392.37
"Senegal","Africa",2002,61.6,1.087e+07,1519.64
"Senegal","Africa",2007,63.062,1.22675e+07,1712.47
"Serbia","Europe",1952,57.996,6.86015e+06,3581.46
"Serbia","Europe",1957,61.685,7.27114e+06,4981.09
"Serbia","Europe",1962,64.531,7.61606e+06,6289.63
"Serbia","Europe",1967,66.914,7.97122e+06,7991.71
"Serbia","Europe",1972,68.7,8.31329e+06,10522.1
"Serbia","Europe",1977,70.3,8.68637e+06,12980.7
"Serbia","Europe",1982,70.162,9.03282e+06,15181.1
"Serbia","Europe",1987,71.218,9.23078e+06,15870.9
"Serbia","Europe",1992,71.659,9.8264e+06,9325.07
"Serbia","Europe",1997,72.232,1.03366e+07,7914.32
"Serbia","Europe",2002,73.213,1.01116e+07,7236.08
"Serbia","Europe",2007,74.002,1.01503e+07,9786.53
"Sierra Leone","Africa",1952,30.331,2.14325e+06,879.788
"Sierra Leone","Africa",1957,31.57,2.29568e+06,1004.48
"Sierra Leone","Africa",1962,32.767,2.4679e+06,1116.64
"Sierra Leone","Africa",1967,34.113,2.66219e+06,1206.04
"Sierra Leone","Africa",1972,35.4,2.87901e+06,1353.76
"Sierra Leone","Africa",1977,36.788,3.1409e+06,1348.29
"Sierra Leone","Africa",1982,38.445,3.46452e+06,1465.01
"Sierra Leone","Africa",1987,40.006,3.8689e+06,1294.45
"Sierra Leone","Africa",1992,38.333,4.26088e+06,1068.7
"Sierra Leone","Africa",1997,39.897,4.57821e+06,574.648
"Sierra Leone","Africa",2002,41.012,5.35909e+06,699.49
"Sierra Leone","Africa",2007,42.568,6.14456e+06,862.541
"Singapore","Asia",1952,60.396,1.127e+06,2315.14
"Singapore","Asia",1957,63.179,1.44593e+06,2843.1
"Singapore","Asia",1962,65.798,1.7502e+06,3674.74
"Singapore","Asia",1967,67.946,1.9776e+06,4977.42
"Singapore","Asia",1972,69.521,2.1524e+06,8597.76
"Singapore","Asia",1977,70.795,2.3253e+06,11210.1
"Singapore","Asia",1982,71.76,2.65187e+06,15169.2
"Singapore","Asia",1987,73.56,2.79455e+06,18861.5
"Singapore","Asia",1992,75.788,3.23586e+06,24769.9
"Singapore","Asia",1997,77.158,3.80231e+06,33519.5
"Singapore","Asia",2002,78.77,4.19778e+06,36023.1
"Singapore","Asia",2007,79.972,4.55301e+06,47143.2
"Slovak Republic","Europe",1952,64.36,3.55814e+06,5074.66
"Slovak Republic","Europe",1957,67.45,3.84428e+06,6093.26
"Slovak Republic","Europe",1962,70.33,4.23738e+06,7481.11
"Slovak Republic","Europe",1967,70.98,4.44224e+06,8412.9
"Slovak Republic","Europe",1972,70.35,4.59343e+06,9674.17
"Slovak Republic","Europe",1977,70.45,4.8278e+06,10922.7
"Slovak Republic","Europe",1982,70.8,5.04804e+06,11348.5
"Slovak Republic","Europe",1987,71.08,5.19932e+06,12037.3
"Slovak Republic","Europe",1992,71.38,5.30289e+06,9498.47
"Slovak Republic","Europe",1997,72.71,5.38301e+06,12126.2
"Slovak Republic","Europe",2002,73.8,5.41005e+06,13638.8
"Slovak Republic","Europe",2007,74.663,5.4475e+06,18678.3
"Slovenia","Europe",1952,65.57,1.48952e+06,4215.04
"Slovenia","Europe",1957,67.85,1.53307e+06,5862.28
"Slovenia","Europe",1962,69.15,1.58296e+06,7402.3
"Slovenia","Europe",1967,69.18,1.64691e+06,9405.49
"Slovenia","Europe",1972,69.82,1.69451e+06,12383.5
"Slovenia","Europe",1977,70.97,1.74692e+06,15277
"Slovenia","Europe",1982,71.063,1.86125e+06,17866.7
"Slovenia","Europe",1987,72.25,1.94587e+06,18678.5
"Slovenia","Europe",1992,73.64,1.99921e+06,14214.7
"Slovenia","Europe",1997,75.13,2.01161e+06,17161.1
"Slovenia","Europe",2002,76.66,2.0115e+06,20660
"Slovenia","Europe",2007,77.926,2.00924e+06,25768.3
"Somalia","Africa",1952,32.978,2.52699e+06,1135.75
"Somalia","Africa",1957,34.977,2.78042e+06,1258.15
"Somalia","Africa",1962,36.981,3.08015e+06,1369.49
"Somalia","Africa",1967,38.977,3.42884e+06,1284.73
"Somalia","Africa",1972,40.973,3.84016e+06,1254.58
"Somalia","Africa",1977,41.974,4.35367e+06,1450.99
"Somalia","Africa",1982,42.955,5.82889e+06,1176.81
"Somalia","Africa",1987,44.501,6.92186e+06,1093.24
"Somalia","Africa",1992,39.658,6.0998e+06,926.96
"Somalia","Africa",1997,43.795,6.63351e+06,930.596
"Somalia","Africa",2002,45.936,7.75331e+06,882.082
"Somalia","Africa",2007,48.159,9.11877e+06,926.141
"South Africa","Africa",1952,45.009,1.42649e+07,4725.3
"South Africa","Africa",1957,47.985,1.61515e+07,5487.1
"South Africa","Africa",1962,49.951,1.83567e+07,5768.73
"South Africa","Africa",1967,51.927,2.09973e+07,7114.48
"South Africa","Africa",1972,53.696,2.39358e+07,7765.96
"South Africa","Africa",1977,55.527,2.71299e+07,8028.65
"South Africa","Africa",1982,58.161,3.114e+07,8568.27
"South Africa","Africa",1987,60.834,3.59334e+07,7825.82
"South Africa","Africa",1992,61.888,3.99642e+07,7225.07
"South Africa","Africa",1997,60.236,4.2835e+07,7479.19
"South Africa","Africa",2002,53.365,4.44336e+07,7710.95
"South Africa","Africa",2007,49.339,4.39978e+07,9269.66
"Spain","Europe",1952,64.94,2.85499e+07,3834.03
"Spain","Europe",1957,66.66,2.98416e+07,4564.8
"Spain","Europe",1962,69.69,3.11581e+07,5693.84
"Spain","Europe",1967,71.44,3.28503e+07,7993.51
"Spain","Europe",1972,73.06,3.45132e+07,10638.8
"Spain","Europe",1977,74.39,3.6439e+07,13236.9
"Spain","Europe",1982,76.3,3.79833e+07,13926.2
"Spain","Europe",1987,76.9,3.88807e+07,15765
"Spain","Europe",1992,77.57,3.95494e+07,18603.1
"Spain","Europe",1997,78.77,3.98554e+07,20445.3
"Spain","Europe",2002,79.78,4.01525e+07,24835.5
"Spain","Europe",2007,80.941,4.04482e+07,28821.1
"Sri Lanka","Asia",1952,57.593,7.98234e+06,1083.53
"Sri Lanka","Asia",1957,61.456,9.12855e+06,1072.55
"Sri Lanka","Asia",1962,62.192,1.04219e+07,1074.47
"Sri Lanka","Asia",1967,64.266,1.17374e+07,1135.51
"Sri Lanka","Asia",1972,65.042,1.30167e+07,1213.4
"Sri Lanka","Asia",1977,65.949,1.41168e+07,1348.78
"Sri Lanka","Asia",1982,68.757,1.54102e+07,1648.08
"Sri Lanka","Asia",1987,69.011,1.64953e+07,1876.77
"Sri Lanka","Asia",1992,70.379,1.75871e+07,2153.74
"Sri Lanka","Asia",1997,70.457,1.86987e+07,2664.48
"Sri Lanka","Asia",2002,70.815,1.95768e+07,3015.38
"Sri Lanka","Asia",2007,72.396,2.03782e+07,3970.1
"Sudan","Africa",1952,38.635,8.50467e+06,1615.99
"Sudan","Africa",1957,39.624,9.75339e+06,1770.34
"Sudan","Africa",1962,40.87,1.11832e+07,1959.59
"Sudan","Africa",1967,42.858,1.27161e+07,1688
"Sudan","Africa",1972,45.083,1.4597e+07,1659.65
"Sudan","Africa",1977,47.8,1.7105e+07,2202.99
"Sudan","Africa",1982,50.338,2.03671e+07,1895.54
"Sudan","Africa",1987,51.744,2.4726e+07,1507.82
"Sudan","Africa",1992,53.556,2.82276e+07,1492.2
"Sudan","Africa",1997,55.373,3.21607e+07,1632.21
"Sudan","Africa",2002,56.369,3.70903e+07,1993.4
"Sudan","Africa",2007,58.556,4.22929e+07,2602.39
"Swaziland","Africa",1952,41.407,290243,1148.38
"Swaziland","Africa",1957,43.424,326741,1244.71
"Swaziland","Africa",1962,44.992,370006,1856.18
"Swaziland","Africa",1967,46.633,420690,2613.1
"Swaziland","Africa",1972,49.552,480105,3364.84
"Swaziland","Africa",1977,52.537,551425,3781.41
"Swaziland","Africa",1982,55.561,649901,3895.38
"Swaziland","Africa",1987,57.678,779348,3984.84
"Swaziland","Africa",1992,58.474,962344,3553.02
"Swaziland","Africa",1997,54.289,1.05449e+06,3876.77
"Swaziland","Africa",2002,43.869,1.13027e+06,4128.12
"Swaziland","Africa",2007,39.613,1.13307e+06,4513.48
"Sweden","Europe",1952,71.86,7.12467e+06,8527.84
"Sweden","Europe",1957,72.49,7.3638e+06,9911.88
"Sweden","Europe",1962,73.37,7.56159e+06,12329.4
"Sweden","Europe",1967,74.16,7.86793e+06,15258.3
"Sweden","Europe",1972,74.72,8.12229e+06,17832
"Sweden","Europe",1977,75.44,8.25165e+06,18855.7
"Sweden","Europe",1982,76.42,8.32526e+06,20667.4
"Sweden","Europe",1987,77.19,8.4214e+06,23586.9
"Sweden","Europe",1992,78.16,8.71887e+06,23880
"Sweden","Europe",1997,79.39,8.89762e+06,25266.6
"Sweden","Europe",2002,80.04,8.95418e+06,29341.6
"Sweden","Europe",2007,80.884,9.03109e+06,33859.7
"Switzerland","Europe",1952,69.62,4.815e+06,14734.2
"Switzerland","Europe",1957,70.56,5.126e+06,17909.5
"Switzerland","Europe",1962,71.32,5.666e+06,20431.1
"Switzerland","Europe",1967,72.77,6.063e+06,22966.1
"Switzerland","Europe",1972,73.78,6.4014e+06,27195.1
"Switzerland","Europe",1977,75.39,6.31642e+06,26982.3
"Switzerland","Europe",1982,76.21,6.46813e+06,28397.7
"Switzerland","Europe",1987,77.41,6.64994e+06,30281.7
"Switzerland","Europe",1992,78.03,6.99545e+06,31871.5
"Switzerland","Europe",1997,79.37,7.19376e+06,32135.3
"Switzerland","Europe",2002,80.62,7.36176e+06,34481
"Switzerland","Europe",2007,81.701,7.55466e+06,37506.4
"Syria","Asia",1952,45.883,3.66155e+06,1643.49
"Syria","Asia",1957,48.284,4.14991e+06,2117.23
"Syria","Asia",1962,50.305,4.83462e+06,2193.04
"Syria","Asia",1967,53.655,5.68081e+06,1881.92
"Syria","Asia",1972,57.296,6.70117e+06,2571.42
"Syria","Asia",1977,61.195,7.9325e+06,3195.48
"Syria","Asia",1982,64.59,9.41049e+06,3761.84
"Syria","Asia",1987,66.974,1.12428e+07,3116.77
"Syria","Asia",1992,69.249,1.32191e+07,3340.54
"Syria","Asia",1997,71.527,1.5081e+07,4014.24
"Syria","Asia",2002,73.053,1.71558e+07,4090.93
"Syria","Asia",2007,74.143,1.93147e+07,4184.55
"Taiwan","Asia",1952,58.5,8.55036e+06,1206.95
"Taiwan","Asia",1957,62.4,1.01642e+07,1507.86
"Taiwan","Asia",1962,65.2,1.19189e+07,1822.88
"Taiwan","Asia",1967,67.5,1.36487e+07,2643.86
"Taiwan","Asia",1972,69.39,1.5226e+07,4062.52
"Taiwan","Asia",1977,70.59,1.67852e+07,5596.52
"Taiwan","Asia",1982,72.16,1.85014e+07,7426.35
"Taiwan","Asia",1987,73.4,1.97578e+07,11054.6
"Taiwan","Asia",1992,74.26,2.06869e+07,15215.7
"Taiwan","Asia",1997,75.25,2.16286e+07,20206.8
"Taiwan","Asia",2002,76.99,2.24542e+07,23235.4
"Taiwan","Asia",2007,78.4,2.31743e+07,28718.3
"Tanzania","Africa",1952,41.215,8.32292e+06,716.65
"Tanzania","Africa",1957,42.974,9.45283e+06,698.536
"Tanzania","Africa",1962,44.246,1.0864e+07,722.004
"Tanzania","Africa",1967,45.757,1.26073e+07,848.219
"Tanzania","Africa",1972,47.62,1.47066e+07,915.985
"Tanzania","Africa",1977,49.919,1.71296e+07,962.492
"Tanzania","Africa",1982,50.608,1.98444e+07,874.243
"Tanzania","Africa",1987,51.535,2.30406e+07,831.822
"Tanzania","Africa",1992,50.44,2.66055e+07,825.682
"Tanzania","Africa",1997,48.466,3.06869e+07,789.186
"Tanzania","Africa",2002,49.651,3.45938e+07,899.074
"Tanzania","Africa",2007,52.517,3.81396e+07,1107.48
"Thailand","Asia",1952,50.848,2.12894e+07,757.797
"Thailand","Asia",1957,53.63,2.50419e+07,793.577
"Thailand","Asia",1962,56.061,2.92634e+07,1002.2
"Thailand","Asia",1967,58.285,3.40242e+07,1295.46
"Thailand","Asia",1972,60.405,3.92762e+07,1524.36
"Thailand","Asia",1977,62.494,4.41483e+07,1961.22
"Thailand","Asia",1982,64.597,4.88272e+07,2393.22
"Thailand","Asia",1987,66.084,5.29103e+07,2982.65
"Thailand","Asia",1992,67.298,5.66671e+07,4616.9
"Thailand","Asia",1997,67.521,6.02167e+07,5852.63
"Thailand","Asia",2002,68.564,6.28067e+07,5913.19
"Thailand","Asia",2007,70.616,6.50681e+07,7458.4
"Togo","Africa",1952,38.596,1.21911e+06,859.809
"Togo","Africa",1957,41.208,1.35744e+06,925.908
"Togo","Africa",1962,43.922,1.5281e+06,1067.53
"Togo","Africa",1967,46.769,1.73555e+06,1477.6
"Togo","Africa",1972,49.759,2.05635e+06,1649.66
"Togo","Africa",1977,52.887,2.30858e+06,1532.78
"Togo","Africa",1982,55.471,2.64476e+06,1344.58
"Togo","Africa",1987,56.941,3.15426e+06,1202.2
"Togo","Africa",1992,58.061,3.74755e+06,1034.3
"Togo","Africa",1997,58.39,4.32089e+06,982.287
"Togo","Africa",2002,57.561,4.97738e+06,886.221
"Togo","Africa",2007,58.42,5.70158e+06,882.97
"Trinidad and Tobago","Americas",1952,59.1,662850,3023.27
"Trinidad and Tobago","Americas",1957,61.8,764900,4100.39
"Trinidad and Tobago","Americas",1962,64.9,887498,4997.52
"Trinidad and Tobago","Americas",1967,65.4,960155,5621.37
"Trinidad and Tobago","Americas",1972,65.9,975199,6619.55
"Trinidad and Tobago","Americas",1977,68.3,1.03901e+06,7899.55
"Trinidad and Tobago","Americas",1982,68.832,1.11648e+06,9119.53
"Trinidad and Tobago","Americas",1987,69.582,1.19134e+06,7388.6
"Trinidad and Tobago","Americas",1992,69.862,1.18367e+06,7370.99
"Trinidad and Tobago","Americas",1997,69.465,1.1381e+06,8792.57
"Trinidad and Tobago","Americas",2002,68.976,1.10183e+06,11460.6
"Trinidad and Tobago","Americas",2007,69.819,1.05661e+06,18008.5
"Tunisia","Africa",1952,44.6,3.64774e+06,1468.48
"Tunisia","Africa",1957,47.1,3.95085e+06,1395.23
"Tunisia","Africa",1962,49.579,4.28655e+06,1660.3
"Tunisia","Africa",1967,52.053,4.78699e+06,1932.36
"Tunisia","Africa",1972,55.602,5.30351e+06,2753.29
"Tunisia","Africa",1977,59.837,6.00506e+06,3120.88
"Tunisia","Africa",1982,64.048,6.7341e+06,3560.23
"Tunisia","Africa",1987,66.894,7.72498e+06,3810.42
"Tunisia","Africa",1992,70.001,8.52308e+06,4332.72
"Tunisia","Africa",1997,71.973,9.23167e+06,4876.8
"Tunisia","Africa",2002,73.042,9.77058e+06,5722.9
"Tunisia","Africa",2007,73.923,1.02762e+07,7092.92
"Turkey","Europe",1952,43.585,2.22357e+07,1969.1
"Turkey","Europe",1957,48.079,2.56709e+07,2218.75
"Turkey","Europe",1962,52.098,2.97887e+07,2322.87
"Turkey","Europe",1967,54.336,3.34113e+07,2826.36
"Turkey","Europe",1972,57.005,3.7493e+07,3450.7
"Turkey","Europe",1977,59.507,4.2404e+07,4269.12
"Turkey","Europe",1982,61.036,4.73288e+07,4241.36
"Turkey","Europe",1987,63.108,5.28813e+07,5089.04
"Turkey","Europe",1992,66.146,5.81791e+07,5678.35
"Turkey","Europe",1997,68.835,6.30476e+07,6601.43
"Turkey","Europe",2002,70.845,6.73089e+07,6508.09
"Turkey","Europe",2007,71.777,7.11586e+07,8458.28
"Uganda","Africa",1952,39.978,5.8248e+06,734.753
"Uganda","Africa",1957,42.571,6.6755e+06,774.371
"Uganda","Africa",1962,45.344,7.6888e+06,767.272
"Uganda","Africa",1967,48.051,8.90029e+06,908.919
"Uganda","Africa",1972,51.016,1.01903e+07,950.736
"Uganda","Africa",1977,50.35,1.14578e+07,843.733
"Uganda","Africa",1982,49.849,1.29394e+07,682.266
"Uganda","Africa",1987,51.509,1.5283e+07,617.724
"Uganda","Africa",1992,48.825,1.82522e+07,644.171
"Uganda","Africa",1997,44.578,2.12103e+07,816.559
"Uganda","Africa",2002,47.813,2.47399e+07,927.721
"Uganda","Africa",2007,51.542,2.91704e+07,1056.38
"United Kingdom","Europe",1952,69.18,5.043e+07,9979.51
"United Kingdom","Europe",1957,70.42,5.143e+07,11283.2
"United Kingdom","Europe",1962,70.76,5.3292e+07,12477.2
"United Kingdom","Europe",1967,71.36,5.4959e+07,14142.9
"United Kingdom","Europe",1972,72.01,5.6079e+07,15895.1
"United Kingdom","Europe",1977,72.76,5.6179e+07,17428.7
"United Kingdom","Europe",1982,74.04,5.63397e+07,18232.4
"United Kingdom","Europe",1987,75.007,5.69816e+07,21664.8
"United Kingdom","Europe",1992,76.42,5.78663e+07,22705.1
"United Kingdom","Europe",1997,77.218,5.88083e+07,26074.5
"United Kingdom","Europe",2002,78.471,5.99124e+07,29479
"United Kingdom","Europe",2007,79.425,6.07762e+07,33203.3
"United States","Americas",1952,68.44,1.57553e+08,13990.5
"United States","Americas",1957,69.49,1.71984e+08,14847.1
"United States","Americas",1962,70.21,1.86538e+08,16173.1
"United States","Americas",1967,70.76,1.98712e+08,19530.4
"United States","Americas",1972,71.34,2.09896e+08,21806
"United States","Americas",1977,73.38,2.20239e+08,24072.6
"United States","Americas",1982,74.65,2.32188e+08,25009.6
"United States","Americas",1987,75.02,2.42804e+08,29884.4
"United States","Americas",1992,76.09,2.56894e+08,32003.9
"United States","Americas",1997,76.81,2.72912e+08,35767.4
"United States","Americas",2002,77.31,2.87676e+08,39097.1
"United States","Americas",2007,78.242,3.0114e+08,42951.7
"Uruguay","Americas",1952,66.071,2.25296e+06,5716.77
"Uruguay","Americas",1957,67.044,2.42496e+06,6150.77
"Uruguay","Americas",1962,68.253,2.59847e+06,5603.36
"Uruguay","Americas",1967,68.468,2.74858e+06,5444.62
"Uruguay","Americas",1972,68.673,2.82953e+06,5703.41
"Uruguay","Americas",1977,69.481,2.87352e+06,6504.34
"Uruguay","Americas",1982,70.805,2.954e+06,6920.22
"Uruguay","Americas",1987,71.918,3.04515e+06,7452.4
"Uruguay","Americas",1992,72.752,3.14926e+06,8137
"Uruguay","Americas",1997,74.223,3.26284e+06,9230.24
"Uruguay","Americas",2002,75.307,3.36308e+06,7727
"Uruguay","Americas",2007,76.384,3.4475e+06,10611.5
"Venezuela","Americas",1952,55.088,5.43957e+06,7689.8
"Venezuela","Americas",1957,57.907,6.70267e+06,9802.47
"Venezuela","Americas",1962,60.77,8.14338e+06,8422.97
"Venezuela","Americas",1967,63.479,9.70955e+06,9541.47
"Venezuela","Americas",1972,65.712,1.15156e+07,10505.3
"Venezuela","Americas",1977,67.456,1.35036e+07,13144
"Venezuela","Americas",1982,68.557,1.56208e+07,11152.4
"Venezuela","Americas",1987,70.19,1.79102e+07,9883.58
"Venezuela","Americas",1992,71.15,2.02656e+07,10733.9
"Venezuela","Americas",1997,72.146,2.23744e+07,10165.5
"Venezuela","Americas",2002,72.766,2.42877e+07,8605.05
"Venezuela","Americas",2007,73.747,2.60847e+07,11415.8
"Vietnam","Asia",1952,40.412,2.62468e+07,605.066
"Vietnam","Asia",1957,42.887,2.89985e+07,676.285
"Vietnam","Asia",1962,45.363,3.37961e+07,772.049
"Vietnam","Asia",1967,47.838,3.94639e+07,637.123
"Vietnam","Asia",1972,50.254,4.4655e+07,699.502
"Vietnam","Asia",1977,55.764,5.05335e+07,713.537
"Vietnam","Asia",1982,58.816,5.61422e+07,707.236
"Vietnam","Asia",1987,62.82,6.28265e+07,820.799
"Vietnam","Asia",1992,67.662,6.99407e+07,989.023
"Vietnam","Asia",1997,70.672,7.6049e+07,1385.9
"Vietnam","Asia",2002,73.017,8.09081e+07,1764.46
"Vietnam","Asia",2007,74.249,8.52624e+07,2441.58
"West Bank and Gaza","Asia",1952,43.16,1.03058e+06,1515.59
"West Bank and Gaza","Asia",1957,45.671,1.07044e+06,1827.07
"West Bank and Gaza","Asia",1962,48.127,1.13313e+06,2198.96
"West Bank and Gaza","Asia",1967,51.631,1.14264e+06,2649.72
"West Bank and Gaza","Asia",1972,56.532,1.08957e+06,3133.41
"West Bank and Gaza","Asia",1977,60.765,1.26109e+06,3682.83
"West Bank and Gaza","Asia",1982,64.406,1.42588e+06,4336.03
"West Bank and Gaza","Asia",1987,67.046,1.69121e+06,5107.2
"West Bank and Gaza","Asia",1992,69.718,2.10478e+06,6017.65
"West Bank and Gaza","Asia",1997,71.096,2.82605e+06,7110.67
"West Bank and Gaza","Asia",2002,72.37,3.38958e+06,4515.49
"West Bank and Gaza","Asia",2007,73.422,4.01833e+06,3025.35
"Yemen, Rep.","Asia",1952,32.548,4.96383e+06,781.718
"Yemen, Rep.","Asia",1957,33.97,5.49809e+06,804.83
"Yemen, Rep.","Asia",1962,35.18,6.12008e+06,825.623
"Yemen, Rep.","Asia",1967,36.984,6.74078e+06,862.442
"Yemen, Rep.","Asia",1972,39.848,7.40708e+06,1265.05
"Yemen, Rep.","Asia",1977,44.175,8.40399e+06,1829.77
"Yemen, Rep.","Asia",1982,49.113,9.65762e+06,1977.56
"Yemen, Rep.","Asia",1987,52.922,1.12193e+07,1971.74
"Yemen, Rep.","Asia",1992,55.599,1.3368e+07,1879.5
"Yemen, Rep.","Asia",1997,58.02,1.58265e+07,2117.48
"Yemen, Rep.","Asia",2002,60.308,1.87013e+07,2234.82
"Yemen, Rep.","Asia",2007,62.698,2.22117e+07,2280.77
"Zambia","Africa",1952,42.038,2.672e+06,1147.39
"Zambia","Africa",1957,44.077,3.016e+06,1311.96
"Zambia","Africa",1962,46.023,3.421e+06,1452.73
"Zambia","Africa",1967,47.768,3.9e+06,1777.08
"Zambia","Africa",1972,50.107,4.5065e+06,1773.5
"Zambia","Africa",1977,51.386,5.21655e+06,1588.69
"Zambia","Africa",1982,51.821,6.10041e+06,1408.68
"Zambia","Africa",1987,50.821,7.27241e+06,1213.32
"Zambia","Africa",1992,46.1,8.38116e+06,1210.88
"Zambia","Africa",1997,40.238,9.41779e+06,1071.35
"Zambia","Africa",2002,39.193,1.05958e+07,1071.61
"Zambia","Africa",2007,42.384,1.1746e+07,1271.21
"Zimbabwe","Africa",1952,48.451,3.08091e+06,406.884
"Zimbabwe","Africa",1957,50.469,3.64634e+06,518.764
"Zimbabwe","Africa",1962,52.358,4.27774e+06,527.272
"Zimbabwe","Africa",1967,53.995,4.99543e+06,569.795
"Zimbabwe","Africa",1972,55.635,5.86114e+06,799.362
"Zimbabwe","Africa",1977,57.674,6.64211e+06,685.588
"Zimbabwe","Africa",1982,60.363,7.63652e+06,788.855
"Zimbabwe","Africa",1987,62.351,9.21642e+06,706.157
"Zimbabwe","Africa",1992,60.377,1.07043e+07,693.421
"Zimbabwe","Africa",1997,46.809,1.14049e+07,792.45
"Zimbabwe","Africa",2002,39.989,1.19266e+07,672.039
"Zimbabwe","Africa",2007,43.487,1.23111e+07,469.709
